airTemp,waterTemp,salinity,pH,turbidity,sunRadiation,rainfall,rainfall24,rainfall48,rainfall72,windDirection,windStrength,UBB/37,UBB/22,EC,EN,PA,SA,CP,numBathers,numChildren,numDogs,numSeagull,numPigeons,beachUnclean,seaSurfaceUnclean,wellspring,coasalSorce,seaTurbidity
20,16.6,21.9,7.7,3.6,133.88,0,2.3,2.3,2.3,22,1.1,80,17,18,0,0,0,7,0,0,0,10,0,0,0,3,1,0
20,17,31.7,8.02,0.7,125.78,0,2.3,2.3,2.3,22,1.1,240,420,33,3,0,0,10,12,0,0,0,0,0,0,0,0,0
20,18.5,28.9,8.01,1.8,122.83,0,2.3,2.3,2.3,22,1.1,100,71,10,2,1,1,16,12,0,0,1,0,0,0,0,0,0
20,18,34.5,8.07,1.8,116.2,0,2.3,2.3,2.3,20,0.4,200,15,3,3,7,7,3,8,0,0,0,0,0,0,0,0,0
20,18,32.4,8.05,2.2,70.47,0,2.3,2.3,2.3,20,0.4,160,26,20,70,0,0,0,26,2,0,0,0,0,0,0,0,0
22,16.5,26.8,7.97,0.76,770.71,0,2.3,2.3,2.3,22,1.8,100,22,15,55,7,12,15,0,0,0,51,0,1,0,3,1,0
24,16.5,27.9,7.99,1.01,741.13,0,2.3,2.3,2.3,22,1.8,120,4,120,11,1,1,7,36,0,0,20,0,1,0,0,2,0
24,18,29,8.01,1.26,720,0,2.3,2.3,2.3,22,1.8,200,60,13,10,3,0,4,17,0,0,1,0,1,0,0,0,0
24,18.5,30,8.02,1.51,698.87,0,2.3,2.3,2.3,22,1.4,60,25,3,5,5,5,7,5,0,0,0,0,0,0,0,0,0
25,19,31.1,8.03,1.77,648.16,0,2.3,2.3,2.3,22,1.4,240,110,18,130,1,3,1,5,0,0,0,0,0,0,0,0,0
22,18.2,25.51,7.96,0.5,98,2.5,2.5,4.8,4.8,2,1,60,2001,130,20,10,2,4,0,0,0,0,0,0,1,3,2,0
22,17,23.28,7.79,0.4,98,2.5,2.5,4.8,4.8,32,0.7,20,2001,390,40,10,5,8,0,0,0,10,0,1,0,3,3,0
22,17.8,37.46,7.96,0.6,98,2.5,2.5,4.8,4.8,32,0.7,20,800,2,23,0,6,6,0,0,0,10,0,1,0,0,0,0
21,18.5,34.95,7.88,0.4,98,2.5,2.5,4.8,4.8,32,0.7,80,320,80,17,130,100,5,0,0,0,0,0,0,0,2,0,0
21,18,36.79,7.95,0.5,98,3.25,2.5,4.8,4.8,32,0.7,0,320,0,35,8,1,2,0,0,0,0,0,0,0,0,0,0
19,15,23.93,7.76,0.6,0,0,2.5,4.8,4.8,32,0.7,2001,560,40,10,5,23,1,3,0,0,0,0,0,0,1,2,0
19,16.5,34.45,7.85,0.5,0,0,2.5,4.8,4.8,32,0.7,8,320,130,16,8,4,4,2,0,1,0,0,0,0,0,0,0
19,16,34.57,7.85,0.3,0,0,2.5,4.8,4.8,32,0.7,15,400,130,16,7,20,4,2,0,1,0,0,0,0,0,0,0
19,17,36.71,7.9,0.3,0,0,2.5,4.8,4.8,32,0.7,50,100,390,8,1,20,2,0,0,0,0,0,0,0,0,0,0
19,16.5,36.65,7.86,0.4,0,0,2.5,4.8,4.8,30,0.6,100,480,780,130,2,5,0,4,0,0,0,0,0,0,0,0,0
20,15,22.54,7.75,0.5,0,0,2.5,4.8,4.8,26,0.3,10,420,70,6,5,2,3,0,0,0,0,0,0,0,0,0,0
20,17,32.35,7.82,0.4,0,0,2.5,4.8,4.8,26,0.3,80,640,60,10,7,2,3,0,0,1,0,0,0,0,0,0,0
19,15,33.01,7.82,0.4,0,0,2.5,4.8,4.8,26,0.3,50,560,45,10,10,4,6,0,0,0,0,0,0,0,0,0,0
19,17,37.25,7.86,0.3,0,0,2.5,4.8,4.8,26,0.2,10,160,8,4,0,30,0,0,0,0,0,0,0,0,0,0,0
19,17,37.13,7.89,1.4,0,0,2.5,4.8,4.8,26,0.2,60,160,4,10,9,1,0,0,0,0,0,0,0,0,0,0,0
19.5,16,19.61,7.72,0.4,477.74,0,2.5,4.8,4.8,2,0.7,10,560,100,70,20,5,10,0,0,0,0,0,0,0,2,3,0
20,16,35.27,7.89,0.3,517.77,0,2.5,4.8,4.8,2,0.1,50,560,260,100,10,6,16,0,0,1,12,0,1,0,0,2,0
20.5,16,35.15,7.91,0.2,531.12,0,2.5,4.8,4.8,2,0.1,160,560,650,110,16,16,25,0,0,1,12,0,1,0,0,0,0
21,16,33.6,7.86,0.4,544.46,0,2.5,4.8,4.8,4,0.1,160,560,1300,390,10,20,46,2,0,0,4,0,0,0,0,0,0
21.5,16,34.14,7.88,0.3,603.57,0,2.5,4.8,4.8,4,0.1,180,800,1300,390,4,20,30,0,0,0,4,0,0,0,0,0,0
22,17,22.01,7.85,0.5,962.34,0,2.5,4.8,4.8,22,0.4,18,100,45,20,0,45,8,0,0,0,2,0,1,2,3,0,0
22,18,32.72,7.92,0.3,954.6,0,2.5,4.8,4.8,20,0.6,10,400,55,13,5,260,11,12,0,2,2,0,1,0,2,1,0
22,18,28.24,7.97,0.4,1003.45,0,2.5,4.8,4.8,20,0.6,50,320,9,5,5,50,2,12,0,2,2,0,1,2,2,0,0
24,19,36.53,8.02,0.5,990.79,0,2.5,4.8,4.8,20,0.6,100,400,50,25,1,260,6,7,1,0,0,0,0,0,0,0,0
24,19,36.98,8.01,0.3,965.48,0,2.5,4.8,4.8,26,1,40,800,45,28,2,100,7,4,0,0,0,0,0,0,0,0,0
23.5,18,22.93,7.78,0.4,737.9,0,2.5,4.8,4.8,20,1.3,140,140,70,25,20,8,2,0,0,0,45,0,1,2,0,3,0
23.5,19,35.43,7.93,0.4,445.73,0,2.5,4.8,4.8,20,1.3,20,80,60,8,0,25,5,12,0,0,5,0,0,0,0,1,0
23.5,19,35.41,7.94,0.5,430.17,0,2.5,4.8,4.8,20,1.3,160,120,260,8,0,40,5,14,1,0,40,0,0,0,0,0,0
22.5,19,35.1,7.9,0.6,420.45,0,2.5,4.8,4.8,22,1.7,240,320,100,15,5,50,4,8,0,0,0,0,0,0,0,0,0
22.5,19,34.9,7.95,1.1,381.57,0,2.5,4.8,4.8,22,1.7,70,490,130,22,20,35,8,6,0,0,0,0,0,0,0,0,0
27,18,0.8,7.73,0.9,238,0,1.5,2.5,4.8,22,0.6,50,200,780,65,50,16,15,0,0,2,1,0,0,0,2,3,0
27,19,20.94,7.85,0.7,238,0,1.5,2.5,4.8,22,0.6,56,480,120,36,20,3,13,20,0,0,2,0,1,0,2,0,0
27,19,20.75,7.93,1.1,238,0,1.5,2.5,4.8,22,0.6,280,1600,110,39,10,1,17,20,0,0,0,0,1,0,0,0,0
27,19,27.69,8.01,0.9,238,0,1.5,2.5,4.8,22,0.6,400,560,28,14,25,2,3,28,0,0,0,0,0,0,0,0,0
27,19,28.09,8.04,0.7,238,0,1.5,2.5,4.8,20,0.3,80,780,20,27,30,0,1,28,0,0,0,0,0,0,0,0,0
20,16,21.85,7.93,0.5,0,0,0,2.5,4.8,30,0.3,80,1440,50,12,10,10,10,0,0,0,0,0,0,0,0,0,0
20,18,33.05,7.95,0.4,0,0,0,2.5,4.8,30,0.3,48,400,40,80,8,2,2,0,0,0,0,0,0,0,0,0,0
20,17,23.39,7.93,0.6,0,0,0,2.5,4.8,30,0.3,28,560,180,11,15,5,12,0,0,0,0,0,0,0,0,0,0
19,18,29.52,7.93,0.7,0,0,0,2.5,4.8,32,0.9,40,560,180,30,50,100,5,0,0,0,0,0,0,0,0,0,0
19,18,31.94,7.92,0.3,0,0,0,2.5,4.8,32,0.9,84,720,100,102,20,15,7,0,0,0,0,0,0,0,0,0,0
20,16,17.83,7.86,0.7,0,0,0,2.5,4.8,32,0.6,70,720,40,12,1,0,2,0,0,0,0,0,0,0,2,1,0
20,18.5,32.49,7.99,0.6,0,0,0,2.5,4.8,32,0.6,84,880,30,11,5,0,1,0,0,0,0,0,0,0,0,0,0
20,17,21.7,7.94,1,0,0,0,2.5,4.8,32,0.6,11,360,130,37,15,0,7,0,0,0,0,0,0,0,0,0,0
20,18,35.63,8.03,0.7,0,0,0,2.5,4.8,0,0,80,880,52,17,20,25,1,0,0,0,0,0,0,0,0,0,0
20,18,34.29,8,1,0,0,0,2.5,4.8,0,0,50,400,48,112,10,0,0,8,0,0,0,0,0,0,0,0,0
20,15,15.37,7.93,0.6,611.9,0,0,2.5,4.8,20,0.2,80,180,70,7,2,3,8,0,0,0,0,0,0,0,0,0,0
19,17,26.85,7.9,1.5,626.08,0,0,2.5,4.8,20,0.2,15,800,100,13,10,5,12,0,0,0,40,50,0,0,1,0,0
19,16,28.9,7.83,0.9,636,0,0,2.5,4.8,20,0.2,46,800,130,32,8,0,13,0,0,0,10,0,0,0,0,0,0
20,17,29.81,7.93,0.9,644.51,0,0,2.5,4.8,26,0.1,18,480,65,15,2,0,4,0,0,0,0,0,0,0,0,0,0
20,17,29.52,7.95,0.8,654.44,0,0,2.5,4.8,26,0.1,19,640,100,54,30,8,15,0,0,0,0,0,1,0,0,0,0
21,16,24.88,7.92,0.6,920.11,0,0,2.5,4.8,20,0.5,40,160,25,11,3,0,5,0,0,0,0,0,1,0,1,2,0
21,18,35.53,8.05,1.7,894.26,0,0,2.5,4.8,20,0.5,60,560,7,114,0,5,10,0,0,0,8,0,0,0,3,1,0
22,17.5,30.4,7.92,2.6,877.02,0,0,2.5,4.8,20,0.5,14,640,35,51,5,0,6,0,0,3,20,0,1,0,0,0,0
24.5,19,35,8.05,1.1,859.79,0,0,2.5,4.8,18,0.9,20,300,5,2,1,3,1,0,0,0,0,0,0,0,0,0,0
24,19,30.65,8.03,1,846,0,0,2.5,4.8,18,0.9,35,460,9,24,0,3,1,0,0,0,0,0,1,0,0,0,0
25,18,35.49,8.08,0.8,281.57,0,0,2.5,4.8,4,1.4,50,160,40,5,0,0,7,0,0,1,2,0,0,0,2,3,0
25,18,34.23,8.07,0.5,299.79,0,0,2.5,4.8,8,0.9,10,128,65,6,0,0,0,9,0,0,3,0,0,0,1,0,0
25,19,26.42,8.11,0.7,305.87,0,0,2.5,4.8,8,0.9,22,460,260,116,100,0,8,10,0,0,0,0,1,0,0,0,0
25,19,32.56,8.09,0.7,311.94,0,0,2.5,4.8,8,0.9,16,130,0,0,5,0,3,7,0,0,0,0,0,0,0,0,0
25,19,24.52,8.04,0.8,442.01,0,0,2.5,4.8,8,0.9,840,1440,14,27,10,0,5,11,0,0,0,0,0,0,0,0,0
25,18.5,19.59,7.88,1.2,40,0,0,1.5,2.5,22,0.9,120,2001,15,128,3,3,22,3,0,0,7,0,0,4,1,1,0
25,19,24.49,7.89,0.9,40,0,0,1.5,2.5,22,0.9,400,2001,270,68,4,2,19,9,0,0,1,0,0,0,0,0,0
25,21,27.24,8,0.9,40,0,0,1.5,2.5,22,0.9,480,2001,100,27,23,5,13,16,1,0,0,0,0,0,0,0,0
25,22.5,28.79,8,0.7,40,0,0,1.5,2.5,22,0.9,100,1600,9,2,1,4,5,8,0,0,0,0,1,2,0,0,0
25,22.5,29.12,8.01,1.5,40,0,0,1.5,2.5,22,0.9,50,1340,2,26,0,2,1,32,0,0,0,0,0,0,0,0,0
20,17,24.54,7.91,0.8,0,0,0,0,2.5,30,0.2,200,1248,100,30,6,1,6,0,0,0,0,0,1,0,3,1,0
21,17,32.46,7.95,0.7,0,0,0,0,2.5,30,0.2,70,1080,80,14,5,0,3,0,0,0,0,0,0,0,0,0,0
21,17.5,35.5,7.99,1.2,0,0,0,0,2.5,30,0.2,35,1100,50,3,0,0,2,0,0,0,0,0,0,0,0,0,0
19,17.5,33.18,8.04,0.8,0,0,0,0,2.5,2,0.1,100,2001,3,12,0,10,0,0,0,0,0,0,1,0,0,2,0
18.5,18,33.76,8.04,0.7,0,0,0,0,2.5,2,0.1,60,1968,46,50,20,0,0,0,0,0,0,0,1,0,0,0,0
22,16,16.77,7.87,0.6,0,0,0,0,2.5,2,0.4,40,1200,55,64,9,20,4,0,0,0,0,0,0,0,3,0,0
22,17,27.87,7.88,9,0,0,0,0,2.5,2,0.4,300,2001,130,43,4,28,10,0,0,0,0,0,0,0,0,0,0
22,17,26.39,7.83,0.7,0,0,0,0,2.5,2,0.4,60,1800,120,41,5,15,8,0,0,1,0,0,0,0,0,0,0
22,19,23.59,7.94,1,0,0,0,0,2.5,2,0.4,24,930,110,29,22,40,0,0,0,0,1,0,0,0,0,0,0
22,19,34.76,7.99,0.8,0,0,0,0,2.5,2,0.4,40,2001,16,17,2,100,1,0,0,0,0,0,0,0,0,0,0
19,15,19.78,7.86,0.9,14.55,0,0,0,2.5,8,0.7,320,1710,110,37,3,4,14,0,0,0,4,0,1,0,1,4,0
19,17,34.61,7.99,1,20.2,0,0,0,2.5,10,0.7,480,2001,260,12,1300,20,5,0,0,0,0,0,0,0,0,1,0
19,17,31.72,7.99,0.9,22.17,0,0,0,2.5,10,0.7,640,2001,650,32,10,8,21,0,0,1,70,0,0,0,0,0,0
19,18,33.79,7.99,2.2,24.15,0,0,0,2.5,10,0.7,160,1630,150,20,1560,18,7,0,0,0,0,0,1,0,0,0,0
19,18,29.63,7.98,2.6,6.83,0,0,0,2.5,10,0.7,240,1480,650,118,1600,0,5,0,0,0,0,0,1,0,0,0,0
21,18,25.82,7.96,0.9,103.95,0,0,0,2.5,16,0.8,110,1530,30,39,3,2,7,0,0,0,13,0,0,0,0,2,0
21,19.5,35.23,8.05,1.1,253,0,0,0,2.5,16,0.8,130,1720,25,26,7,3,3,0,0,0,1,0,0,0,0,3,0
21,19,30.73,8.04,1.5,253,0,0,0,2.5,16,0.8,480,2001,120,66,370,1,44,2,0,0,0,0,1,0,0,0,0
21,19,34.58,8.03,2.4,23.13,0,0,0,2.5,16,0.8,100,1520,1,8,20,0,2,0,0,0,0,0,0,0,0,0,0
21,19,30.18,8.04,9.4,111.08,0,0,0,2.5,20,0.4,280,2001,290,234,80,0,10,0,0,0,0,0,0,0,0,0,0
21.5,18,30.06,8.02,1.3,434.53,0.1,0.1,0.1,2.6,26,0.1,24,980,60,104,10,0,16,0,0,0,43,0,2,3,1,1,0
21.5,19.5,33.25,8.05,1.5,410.49,0.1,0.1,0.1,2.6,26,0.1,80,1920,180,63,25,0,15,0,0,1,1,0,0,0,0,3,0
22,19.5,33.88,8.08,2.5,384.84,0.1,0.1,0.1,2.6,20,0.1,10,2001,50,76,0,0,29,0,0,0,1,8,1,0,0,0,0
23,20,33.82,8.07,1.2,373.62,0.1,0.1,0.1,2.6,20,0.1,100,1088,2,41,3,6,8,0,0,1,0,0,0,0,0,1,0
29,20,32.5,8.06,1.4,347.98,0.1,0.1,0.1,2.6,20,0.1,80,1300,8,32,1,25,11,0,0,0,0,0,0,0,0,1,0
20,18.5,27.73,7.9,0.6,56,0,0.1,0.1,1.6,22,0.2,60,720,52,72,10,0,3,0,0,0,0,0,0,0,2,1,0
20,18.8,30.27,7.97,0.7,56,0,0.1,0.1,1.6,22,0.2,240,760,416,37,8,0,2,0,0,0,0,0,0,0,1,1,0
20,19,30.77,8.02,4,56,0,0.1,0.1,1.6,22,0.2,800,960,338,150,0,0,66,0,0,0,5,0,0,0,0,0,0
20,18.8,33.76,8.06,1.6,56,0,0.1,0.1,1.6,20,0.2,200,640,634,390,60,0,72,0,0,0,0,0,0,0,1,0,0
20,18.8,33.89,8.07,1.3,56,0,0.1,0.1,1.6,20,0.2,124,1600,164,100,150,0,70,0,0,0,10,0,0,0,1,0,0
21,18,28.2,7.93,0.7,0,0,0.1,0.1,0.1,4,0.5,480,800,76,30,10,10,2,6,0,0,0,0,0,0,0,4,0
21,18.5,33.71,8,0.5,0,0,0.1,0.1,0.1,4,0.5,160,400,106,15,25,5,7,0,0,0,0,0,0,0,0,0,0
21,18.5,34.47,8,1.2,0,0,0.1,0.1,0.1,4,0.5,960,1220,429,25,32,0,8,2,0,0,0,0,0,0,0,0,0
21,18.5,32.78,8.01,0.9,0,0,0.1,0.1,0.1,4,0.2,480,1040,74,40,140,8,29,2,0,0,0,0,0,0,0,0,0
21,18.5,33.69,8.01,1.7,0,0,0.1,0.1,0.1,4,0.2,240,480,28,50,1,2,7,1,0,0,0,0,0,0,0,0,0
20,17,18.2,7.95,1.5,0,0,0.1,0.1,0.1,0,0,400,510,2800,35,130,16,10,0,0,0,0,0,0,0,0,0,0
20,18,30.41,7.98,0.8,0,0,0.1,0.1,0.1,0,0,60,560,169,80,10,0,21,0,0,0,0,0,0,0,0,0,0
20,17,23.95,7.9,0.7,0,0,0.1,0.1,0.1,0,0,80,592,403,61,15,3,11,0,0,0,0,0,0,0,0,0,0
20,19,32.72,7.94,0.8,0,0,0.1,0.1,0.1,4,0.3,80,600,23,26,50,0,7,0,0,0,0,0,0,0,0,0,0
20,19,29.76,7.96,0.9,0,0,0.1,0.1,0.1,4,0.3,40,800,96,75,60,0,15,0,0,0,0,0,0,0,0,0,0
20.2,17,22.77,8.07,0.9,4.35,0.13,0.6,0.6,0.6,2,0.2,120,480,520,150,150,35,13,0,0,2,5,0,0,0,2,3,0
20.4,18,22.3,8,0.8,11.3,0.2,0.6,0.6,0.6,2,0.5,80,1120,390,120,70,13,0,0,0,1,11,0,1,0,1,0,0
20.5,18,22.5,7.97,0.6,18.24,0.28,0.6,0.6,0.6,2,0.5,160,1540,520,130,100,5,13,0,0,1,12,0,1,0,0,0,0
20.7,18,24.25,8,0.7,87.24,0.85,0.6,0.6,0.6,2,0.5,126,880,130,130,90,25,5,2,0,0,2,0,0,0,0,0,0
20.8,18,23.52,8.01,0.7,90.44,0.9,0.6,0.6,0.6,2,0.5,200,1700,260,230,260,20,0,3,0,0,1,0,0,0,0,0,0
21,18,23.08,8,1,424.75,0.7,2.1,2.1,2.1,26,0.1,40,640,56,30,6,20,14,0,0,0,1,0,1,0,3,0,0
21,19,33.07,8.03,1.8,485.74,0,2.1,2.1,2.1,26,0.1,60,240,2,17,2,35,3,0,0,2,0,0,1,2,2,0,0
21,19,29.18,8.06,1.5,475.95,0,2.1,2.1,2.1,26,0.1,288,320,180,20,10,30,9,0,0,0,0,0,1,2,0,0,0
22,20,35.4,8.04,2.2,466.16,0,2.1,2.1,2.1,26,0.1,25,144,0,4,3,6,3,2,0,0,1,0,0,0,1,0,0
22,20,35.81,8.07,1.7,446.59,0,2.1,2.1,2.1,26,0.1,26,224,0,6,0,130,5,0,0,0,1,0,0,0,0,0,0
23,17,24.69,8.04,0.8,94.39,0,2,2.1,2.1,16,0.8,40,400,62,70,100,6,13,0,0,0,20,0,1,2,0,3,0
23,20,32.41,8.08,0.9,72.13,0,2,2.1,2.1,16,0.8,60,640,108,15,2,18,5,4,0,0,0,0,0,0,0,2,0
23,20,34.09,8.14,1.2,71.14,0,2,2.1,2.1,16,0.8,72,144,40,6,13,10,6,6,1,0,0,0,0,0,0,0,0
23,20,35.78,8.08,2.1,67.78,0,2,2.1,2.1,16,0.8,240,240,18,1,180,2,4,3,0,0,0,0,0,0,0,0,0
23,20,35.02,8.07,2,65.81,0,2,2.1,2.1,18,0.6,272,280,6,18,3,0,1,10,0,0,0,0,0,0,0,0,0
21,18,23.53,7.89,1.6,135,0,2,2.1,2.1,20,0.8,1360,1440,1300,260,260,0,6,0,0,0,0,0,0,0,0,0,0
21,19,33.63,8.03,0.8,135,0,2,2.1,2.1,20,0.8,88,960,260,10,60,2,15,0,0,4,0,0,0,0,1,0,0
21,19,34.83,8.06,1.3,135,0,2,2.1,2.1,20,0.8,620,560,1300,65,15,0,7,0,0,0,0,0,0,0,0,0,0
21,21,34.65,8.08,2.2,135,0,2,2.1,2.1,22,0.6,400,320,160,25,70,0,5,0,0,0,0,0,0,0,0,0,0
21,21,34.39,8.1,1.3,135,0,2,2.1,2.1,22,0.6,10,0,130,12,30,6,4,29,2,0,0,0,0,0,0,0,0
20,17,22.92,7.87,1,0,0,2,2.1,2.1,28,0.1,60,2000,580,180,50,28,0,0,0,0,0,0,0,0,2,1,0
20,17,23.95,8.03,0.6,0,0,2,2.1,2.1,28,0.1,66,1400,550,200,30,43,3,0,0,0,0,0,0,0,0,0,0
20,18,23.94,8.04,0.6,0,0,2,2.1,2.1,28,0.1,100,1280,390,150,90,30,7,0,0,0,0,0,0,0,0,0,0
20,18,24.5,8.01,1.2,0,0,2,2.1,2.1,0,0,74,1280,650,210,150,40,0,0,0,0,0,0,0,0,0,0,0
20,18,24.12,8.02,0.8,0,0,2,2.1,2.1,0,0,880,400,390,110,150,43,13,0,0,0,0,0,0,0,0,0,0
21.5,17,30.15,8.02,1.2,0,0,2,2.1,2.1,8,0.7,2001,2001,20,13,30,0,6,0,0,0,0,0,0,0,1,3,0
21.5,18.5,36.42,8.05,1.3,0,0,2,2.1,2.1,8,0.7,2001,2001,6,6,200,0,2,2,0,2,0,0,0,0,0,0,0
21.5,18.5,29.81,8.04,1.7,0,0,2,2.1,2.1,8,0.7,2001,2001,100,15,10,0,0,9,0,0,0,0,0,0,0,0,0
21.5,19,36.72,8.05,0.9,0,0,2,2.1,2.1,6,0.8,2001,2001,5,1,10,0,2,0,0,0,0,0,0,0,0,0,0
21.5,19,36.01,8.01,1.4,0,0,2,2.1,2.1,6,0.8,2001,2001,10,60,130,0,0,10,0,0,0,0,0,0,0,0,0
20,17,32.25,8.04,0.8,58.74,0,2,2.1,2.1,8,0.6,114,2001,300,100,25,0,10,0,0,0,0,0,1,0,3,1,0
19,18,35.48,8.04,0.9,8,0,2,2.1,2.1,8,0.6,50,2001,160,48,50,5,3,0,0,0,1,0,0,0,2,1,0
19,18.5,36.05,8.08,0.4,8,0,2,2.1,2.1,8,0.6,20,1500,150,18,30,1,7,0,0,1,30,50,1,0,0,0,0
19.5,18,24.57,8.03,0.6,8,0,2,2.1,2.1,6,0.7,56,2001,180,80,30,10,30,0,0,0,0,0,1,0,0,1,0
20,18,34.13,8.01,0.9,8,0,2,2.1,2.1,6,0.7,63,1600,260,40,40,0,16,0,0,0,0,0,1,0,0,0,0
25,18,15.79,8.04,0.6,964.84,0,0,2.1,2.1,16,1.3,60,1200,260,42,0,0,5,0,0,0,3,0,1,4,1,2,0
25,20,32.17,8.07,1.1,959.94,0,0,2.1,2.1,16,1.3,216,2001,120,63,80,5,11,3,0,0,0,0,0,0,1,1,0
25,20,33.29,8.1,1.3,956.17,0,0,2.1,2.1,16,1.3,320,2001,250,25,40,0,7,13,3,4,0,0,0,0,0,0,0
25,21,29.5,8.06,0.7,952.4,0,0,2.1,2.1,16,1.2,220,960,40,18,0,0,1,23,1,0,0,0,0,0,0,0,0
25,21,25.7,8.04,0.8,948.63,0,0,2.1,2.1,16,1.2,80,1280,50,10,90,1,1,17,3,0,0,0,0,0,0,0,0
25,18,32.28,8.12,1.1,710.87,0,0,2,2.1,22,0.8,35,1750,36,18,10,0,6,0,0,0,5,0,1,0,2,0,0
25,18,33.06,8.13,0.7,666.54,0,0,2,2.1,22,0.8,11,720,33,10,8,0,0,25,2,0,0,0,1,0,0,0,0
25,18,27.59,8.09,0.9,651.77,0,0,2,2.1,20,1,110,1200,100,40,0,0,9,25,2,0,0,0,1,0,0,0,0
25,19,32.13,8.11,2.4,636.99,0,0,2,2.1,20,1,180,1040,8,18,3,0,0,50,0,0,0,0,0,0,0,0,0
25,19,32.3,8.11,2.6,607.44,0,0,2,2.1,20,1,1570,2001,3,8,10,0,0,30,0,0,0,0,0,0,0,0,0
24.5,19,16.33,7.82,2.3,63.68,0,0,2,2.1,20,1,2001,2001,30,33,8,8,10,3,0,0,0,0,0,0,0,2,0
24.5,19,30.88,7.96,0.5,50.15,0,0,2,2.1,20,1,2001,2001,280,40,0,0,5,11,0,0,0,0,0,0,0,0,0
24.5,20,27.02,7.97,2.4,188,0,0,2,2.1,20,1,1500,2001,480,390,0,0,7,31,1,0,0,0,0,0,0,0,0
24.5,21.5,25.69,7.97,0.6,188,0,0,2,2.1,22,0.9,40,2001,7,14,3,1,1,20,3,0,0,0,0,0,0,0,0
24.5,21.5,23.11,7.92,0.5,188,0,0,2,2.1,22,0.9,85,2001,7,25,100,4,3,29,0,0,0,0,0,0,0,0,0
22,17,34.24,8.1,0.5,0,0,0,2,2.1,24,0.2,25,1500,55,34,50,4,2,0,0,0,0,0,0,0,0,0,0
20,19,36.17,8.3,0.6,0,0,0,2,2.1,24,0.2,23,900,25,6,2,0,1,0,0,0,0,0,0,0,0,0,0
21,19,36.09,8.02,0.7,0,0,0,2,2.1,24,0.2,12,700,26,7,18,3,0,0,0,0,0,0,0,0,0,0,0
20,19,35.67,8.03,0.8,0,0,0,2,2.1,0,0,120,2001,25,18,10,2,0,0,0,0,0,0,0,0,0,0,0
20,19,35.51,8.04,1.7,0,0,0,2,2.1,0,0,160,1600,45,25,10,5,1,0,0,0,0,0,0,0,0,0,0
22.5,18,20.94,7.96,1,0,0,0,2,2.1,8,0.9,2001,2001,100,35,3,8,1,0,0,0,0,0,0,0,3,0,0
22,19,35.3,7.97,0.5,0,0,0,2,2.1,8,0.9,2001,2001,13,3,2,1,1,0,0,0,0,0,0,0,1,0,0
22,19,32.83,7.94,1.1,0,0,0,2,2.1,8,0.9,1300,2001,85,13,4,0,0,0,0,0,0,0,0,0,0,0,0
19.5,20,35.1,7.98,0.8,0,0,0,2,2.1,6,0.9,2001,2001,15,4,60,0,0,0,0,0,0,0,0,0,0,0,0
19.5,20,34.38,7.97,0.9,0,0,0,2,2.1,6,0.9,400,1900,27,10,16,3,0,0,0,0,0,0,0,0,0,0,0
19,17,30.26,7.99,0.8,344.1,0,0,2,2.1,4,1.3,1200,1800,260,51,0,0,0,0,0,0,15,0,1,0,0,3,0
19,17,34.99,8.01,0.6,350.88,0,0,2,2.1,6,1.2,800,2001,280,37,2,6,0,1,0,0,0,0,0,0,0,1,0
19,17,34.89,8.01,1.4,353.15,0,0,2,2.1,6,1.2,140,2000,140,60,1,4,12,0,0,0,25,0,0,0,0,0,0
21,19,34.8,8.01,0.4,356.77,0,0,2,2.1,6,1.2,190,200,200,40,0,3,5,0,0,0,0,0,0,0,0,0,0
21,19,34.76,8.02,0.4,234.48,0,0,2,2.1,6,1.2,120,1800,190,68,0,10,2,0,0,0,0,0,0,0,0,0,0
22,19,32.38,8.01,0.4,783.23,0,0,0,2.1,14,1.2,27,1000,5,13,20,4,0,0,0,0,0,0,2,0,2,1,0
23.5,19.5,36.05,8.02,0.5,976.35,0,0,0,2.1,14,1.2,30,300,1,7,50,1,0,2,0,0,0,0,1,0,0,1,0
24,21,35.65,8.03,0.7,942.58,0,0,0,2.1,14,1.2,20,200,8,15,0,1,0,4,0,0,37,0,0,0,0,0,0
22,20,35.65,8.04,1.1,888.55,0,0,0,2.1,22,1.5,13,350,6,4,10,2,0,3,0,0,0,0,0,0,0,0,0
23.5,21,35.46,8.05,0.3,854.77,0,0,0,2.1,22,1.5,16,1000,0,7,0,2,1,5,0,0,0,0,0,0,0,0,0
24,20,30.27,8.03,1.5,694.59,0,0,0,2,16,1.6,940,2001,9,55,4,0,0,0,0,0,22,0,0,3,0,2,0
24,21,34.28,8.07,1.1,633.63,0,0,0,2,16,1.6,2001,2001,23,8,0,0,0,6,0,0,0,0,0,0,0,0,0
24,21,35.01,8.07,4.6,135.72,0,0,0,2,16,1.6,1700,2001,260,110,3,0,4,9,0,0,0,0,3,0,0,0,0
24,21.5,35.25,8.03,1.7,127.01,0,0,0,2,16,1.6,2001,2001,2,3,3,1,0,0,0,0,0,0,0,0,0,0,0
24,21.5,35.12,8.05,1,124.11,0,0,0,2,16,1.6,450,1400,1,3,0,0,0,0,0,0,0,0,0,0,0,0,0
20.5,17.5,31.99,7.95,0.7,75,6.03,5.5,5.5,7.5,16,1.2,304,2001,130,102,100,6,6,0,0,0,1,0,1,0,0,0,0
20.5,17.5,32.3,8.02,0.8,75,5.83,5.5,5.5,7.5,8,1.3,480,2001,80,72,16,3,6,0,0,0,0,0,0,0,0,0,0
20.5,17.5,31.95,8.03,7.1,75,5.7,5.5,5.5,7.5,8,1.3,1344,1920,520,310,17,0,14,0,0,0,17,0,0,0,0,0,0
20,19,34.38,8.04,5.7,75,5.59,5.5,5.5,7.5,8,1.3,512,2001,65,32,15,2,3,0,0,0,0,0,0,2,0,0,0
20,19,34.51,8.05,5.8,75,8.23,5.5,5.5,7.5,8,1.3,736,1100,60,40,35,1,0,0,0,0,0,0,0,2,0,0,0
21,19,28.34,7.96,0.6,0,1.5,5.5,5.5,7.5,4,0.3,80,460,390,138,130,6,11,0,0,0,0,0,0,0,3,0,0
20,19.5,35.74,8.03,0.6,0,1.5,5.5,5.5,7.5,4,0.3,2001,1360,15,6,1,1,1,0,0,0,0,0,0,0,0,0,0
19.5,20,35.36,8.03,0.7,0,1.5,5.5,5.5,7.5,4,0.3,248,540,55,19,16,15,3,0,0,0,0,0,0,0,0,0,0
20,20,35.41,8.02,0.5,0,1.5,5.5,5.5,7.5,2,0.2,880,1120,240,21,18,2,5,0,0,0,0,0,0,0,0,0,0
20,20,35.37,8.01,0.8,0,1.5,5.5,5.5,7.5,2,0.2,1120,1760,43,80,6,1,0,0,0,0,0,0,0,0,0,0,0
20.2,18,36.14,8.06,0.4,0,1.5,7,7,9,2,1.7,80,400,4,7,12,0,3,0,0,0,0,0,0,0,2,2,0
20.3,18,36.09,8.06,1,0,1.5,7,7,9,2,1.7,512,570,3,6,3,0,2,0,0,0,0,0,2,0,1,0,0
20.4,19,36.21,8.06,0.7,0,1.5,7,7,9,2,1.7,180,570,4,11,10,0,2,0,0,0,0,0,2,0,0,0,0
20.6,19,36.38,8.05,0.6,0,1.5,7,7,9,28,0.1,480,1680,2,2,0,0,0,0,0,0,0,0,0,0,0,0,0
20.7,19,36.68,8.01,1.3,0,1.5,7,7,9,28,0.1,1520,2001,130,60,80,0,1,0,0,0,0,0,0,0,0,0,0
20,18,31.53,7.95,0.7,438.24,0,7,7,9,4,1.2,352,328,1300,15,0,0,6,0,0,0,0,0,3,0,1,3,0
20,19,37.5,7.97,0.6,465.08,0,7,7,9,4,1.2,320,430,60,8,18,0,4,0,0,0,0,0,3,0,1,0,0
20,19,32.32,7.95,0.7,494.6,0,7,7,9,8,0.7,260,736,520,17,10,0,1,0,0,0,0,30,2,0,0,0,0
20,19,36.98,7.98,0.6,524.13,0,7,7,9,8,0.7,760,360,200,2,45,0,0,0,0,0,0,0,0,0,0,0,0
20,19,36.78,7.99,1.1,550.96,0,7,7,9,8,0.7,890,560,100,1,60,0,0,0,0,0,0,0,0,0,0,0,0
24.5,18,24.31,7.96,0.6,968.36,0,7,7,7,20,2,72,160,75,38,45,2,6,0,0,0,1,0,0,0,0,3,0
24.5,21,35.03,8.02,0.4,974.12,0,7,7,7,20,2,216,288,63,18,100,1,6,2,0,1,0,0,0,0,0,0,0
23,21,26.42,8.03,0.8,979.89,0,7,7,7,16,0.8,168,610,90,43,58,32,7,3,0,3,0,0,0,0,1,0,0
23,20.5,36.55,8.1,1.2,397.49,0,7,7,7,16,0.8,504,720,20,3,260,5,3,0,0,0,0,0,0,0,0,0,0
23,20.3,36.79,8.06,0.5,991.43,0,7,7,7,16,0.8,320,835,8,2,150,40,1,30,0,0,0,0,0,0,0,0,0
24,20,22.05,7.93,0.6,857.81,0,7,7,7,20,1.9,1840,1520,45,80,5,5,4,0,0,1,6,0,0,2,3,0,0
25,22.5,35.29,8.04,0.9,833.31,0,7,7,7,20,1.9,1250,1040,5,6,8,0,2,10,0,0,20,0,2,0,1,0,0
26,24,35.72,8.12,0.7,784.3,0,7,7,7,20,1.9,680,688,180,64,70,0,3,15,0,0,0,0,2,0,0,0,0
28,24.5,35.99,8.08,0.5,661.77,0,7,7,7,16,1.5,2001,1050,1,0,6,0,7,12,1,0,0,0,0,0,0,0,0
28,24.5,36.12,8.09,0.4,637.27,0,7,7,7,16,1.5,830,688,5,5,4,0,0,8,0,0,0,0,0,0,0,0,0
25,19,29.75,8.01,1,264,0,1.5,7,7,6,0.9,60,800,560,28,15,10,4,7,0,0,1,0,0,0,0,2,0
25,19,26.95,8.08,0.4,264,0,1.5,7,7,6,0.9,20,160,11,5,4,5,2,9,1,2,0,0,0,0,0,0,0
25,19,36.59,8.09,0.5,264,0,1.5,7,7,6,0.9,80,480,13,1,33,110,2,9,1,2,0,0,0,0,0,3,0
25,19,36.94,8.07,0.4,264,0,1.5,7,7,2,0.3,50,720,16,38,10,0,2,5,3,0,0,0,0,0,0,0,0
25,19,37.19,8.09,0.5,264,0,1.5,7,7,2,0.3,180,960,17,9,28,2,0,14,2,0,0,0,0,0,0,0,0
22,20,36.3,8.06,0.7,0,0,1.5,7,7,4,2.5,240,1200,18,15,100,10,1,0,0,0,0,0,0,0,1,3,0
22,20,35.21,8.05,0.4,0,0,1.5,7,7,4,2.5,280,800,120,15,6,0,2,0,0,3,0,0,0,0,1,0,0
22,20,34.1,8.04,0.5,0,0,1.5,7,7,4,2.5,160,560,520,9,20,130,3,0,0,2,0,0,0,0,0,0,0
22,20,36.67,8.05,0.4,0,0,1.5,7,7,4,2.5,240,320,12,7,6,40,2,0,0,0,0,0,0,0,0,0,0
22,20,36.94,8.03,0.5,0,0,1.5,7,7,4,2.5,100,560,15,6,40,30,0,0,0,0,0,0,0,0,0,0,0
18,18,28.8,7.97,0.4,0,0,0,7,7,4,2.8,30,400,650,25,32,15,2,0,0,0,0,0,0,0,0,0,0
18,18,33.14,8.02,0.3,0,0,0,7,7,4,2.8,44,640,650,38,38,8,5,0,0,0,0,0,0,0,0,0,0
17,18,34.48,8.03,1.1,0,0,0,7,7,4,2.8,16,280,330,22,58,10,17,0,0,0,0,0,0,0,0,0,0
16,17,34.16,7.98,0.5,0,0,0,7,7,4,2.4,30,150,470,13,45,8,3,0,0,0,0,0,0,0,0,0,0
15,18,34.91,8.01,0.3,0,0,0,7,7,4,2.4,15,200,290,23,60,25,2,0,0,0,0,0,0,0,0,0,0
19,,,,,0,0,0,7,7,2,0.2,2001,2001,1560,35,6,1,5,0,0,0,2,0,3,0,0,4,0
19,19,34.76,8.02,1,338.11,0,0,7,7,2,0.5,2001,2001,2500,100,6,10,5,0,0,0,5,0,0,0,0,0,0
19,19,36.69,8.03,1.2,379.65,0,0,7,7,2,0.5,2001,2001,3500,1300,10,260,390,0,0,0,62,0,3,0,0,0,0
19,20,35.56,8.02,0.6,388.31,0,0,7,7,2,0.5,2001,2001,72,31,50,7,0,0,0,0,0,0,0,0,0,0,0
19,20,36.98,8.04,1,184.66,0,0,7,7,2,0.5,3,320,20,8,6,20,1,0,0,0,0,0,0,0,0,0,0
24,19,36.32,8.07,0.5,971.91,0,0,7,7,16,1.1,12,160,16,8,15,0,2,4,0,0,1,0,0,0,2,32,0
24,20,34.87,8.07,1,955.8,0,0,7,7,20,1.1,60,360,42,10,70,8,2,12,1,0,0,0,0,0,0,0,0
24,20,34.89,8.05,4.7,956.98,0,0,7,7,20,1.1,15,240,6,4,3,12,15,12,3,0,0,0,0,0,0,0,0
24,20,36.89,8.06,0.9,959.73,0,0,7,7,20,1.1,1040,2001,310,18,85,18,0,6,2,0,0,0,0,0,0,0,0
24,19,36.99,8.05,1.5,964.45,0,0,7,7,16,1.1,30,240,5,15,8,100,2,0,0,0,0,0,0,0,0,0,0
25,21,32.04,8.04,0.9,762.37,0,0,7,7,16,1.7,240,320,65,9,6,19,5,0,0,0,35,0,0,4,3,1,0
25,21,34.01,8.08,1.3,741.7,0,0,7,7,16,1.7,120,400,30,0,0,6,3,15,1,0,0,0,0,2,1,0,0
25,21,34.68,8.12,0.8,717.82,0,0,7,7,16,1.7,80,280,380,25,33,30,4,20,3,0,0,4,0,0,0,0,0
25,21,36.76,8.08,0.8,687.96,0,0,7,7,20,1,60,560,15,6,65,25,0,13,0,0,0,0,0,0,0,0,0
25,21,36.8,8.16,1.2,646.16,0,0,7,7,20,1,112,2001,12,26,45,7,0,10,2,0,0,0,0,0,0,0,0
26.5,19,33.97,8.02,0.8,204,0,0,1.5,7,20,0.8,30,1250,0,12,1,15,0,0,0,0,0,0,2,3,2,1,0
24,18,34.95,8.06,1,204,0,0,1.5,7,20,0.8,320,2001,134,30,60,23,0,4,3,0,0,0,0,0,2,1,0
23.5,19,25.32,8.05,1.3,204,0,0,1.5,7,20,0.8,960,2001,0,60,55,45,0,20,0,1,0,0,2,0,0,0,0
24.5,21,36.47,8.04,0.8,204,0,0,1.5,7,22,0.3,40,2001,20,92,16,15,0,19,5,1,0,0,2,0,0,0,0
23,21,36.3,8.08,0.8,204,0,0,1.5,7,22,0.3,160,2001,27,24,25,28,0,40,0,0,0,0,0,0,0,0,0
21.2,20,33.95,8.05,1.1,0,0,0,1.5,7,32,0.1,1600,2001,11,9,100,4,2,3,0,0,0,0,0,0,0,0,0
21.2,20,36.64,8.06,0.7,0,0,0,1.5,7,32,0.1,880,1230,160,43,130,15,0,5,0,0,0,0,0,0,0,0,0
21.2,19.5,33.64,8.04,1.5,0,0,0,1.5,7,32,0.1,2001,2001,1430,172,130,20,28,4,0,1,0,0,0,0,0,0,0
20,20,32.85,8.02,1.6,0,0,0,1.5,7,32,0.1,160,576,11,10,22,14,3,0,0,0,0,0,0,0,0,0,0
20,19.5,31.7,8.04,0.9,0,0,0,1.5,7,32,0.1,220,520,90,25,75,13,5,8,0,1,0,0,0,0,0,0,0
20,16,24.52,7.94,0.7,0,0,0,0,7,2,1.4,36,410,102,9,35,30,2,1,0,0,0,0,0,0,0,4,0
20,19,34.17,8.02,0.5,0,0,0,0,7,2,1.7,200,390,240,24,90,18,0,0,0,0,0,0,0,0,0,0,0
20,19,30.51,7.93,0.8,0,0,0,0,7,2,1.7,36,600,1170,60,53,10,10,0,0,0,0,0,0,0,0,0,0
20,19,36.66,8.05,0.7,0,0,0,0,7,2,1.7,76,288,25,13,100,12,1,0,0,0,0,0,0,0,0,0,0
20,18,36.74,8.03,0.6,0,0,0,0,7,2,1.7,120,375,56,15,3,12,0,0,0,0,0,0,0,0,0,0,0
20,18,23.9,7.98,1.1,90.46,0,0,0,7,6,1.3,560,1230,150,32,1,7,14,0,0,1,0,0,0,0,2,2,0
20,17.8,19.36,7.88,1.2,188.83,0,0,0,7,6,0.3,30,530,144,49,0,13,2,0,0,0,0,0,0,0,0,2,0
20,18,31.71,8.01,0.6,221.62,0,0,0,7,6,0.3,400,912,1350,52,43,14,10,0,0,0,50,0,0,0,0,0,0
19,19.5,35.61,7.99,0.7,254.41,0,0,0,7,6,0.3,2001,2001,30,5,180,20,0,0,0,0,0,0,0,0,0,0,0
19,19.7,35.49,8,0.7,537.93,0,0,0,7,6,0.3,60,160,10,16,3,12,1,0,0,0,0,0,0,0,0,0,0
22.5,19,30.41,8.04,1.1,934.33,0,0,0,7,18,0.7,60,480,19,6,80,18,0,0,0,0,20,0,1,3,1,1,0
23.5,20,34.95,8.07,0.7,932.8,0,0,0,7,18,0.7,15,224,39,16,18,25,6,2,0,0,13,0,1,0,0,1,0
23.5,21,26.64,8.06,0.9,931.74,0,0,0,7,18,0.7,120,416,468,30,40,11,2,31,1,2,0,13,0,0,0,0,0
24,21,35.14,8.05,0.5,930.31,0,0,0,7,16,1,62,336,3,12,130,7,0,28,4,0,0,0,0,0,0,0,0
23,21,35.31,8.06,0.8,1041.52,0,0,0,7,16,1,400,264,2,29,2,8,2,24,1,0,0,0,0,0,0,0,0
24.5,21,35.45,8.07,0.6,499.98,0,0,0,7,20,1.3,820,2001,2,0,52,1,4,0,0,0,31,0,0,3,0,3,0
24.5,21,36.84,8.11,1,464.39,0,0,0,7,20,1.3,450,2001,33,23,7,6,5,26,0,0,1,0,0,0,1,0,0
24.5,21.5,34.79,8.08,1.3,449.14,0,0,0,7,20,1.3,480,2001,480,104,100,18,10,48,2,0,0,0,0,0,0,0,0
24.5,22.5,34.87,8.04,0.8,431.34,0,0,0,7,20,1,1440,2001,9,21,130,20,0,48,0,0,0,0,0,0,0,0,0
24.5,22.5,34.7,8.03,1.2,375.42,0,0,0,7,20,1,240,1120,18,0,450,8,5,56,0,0,0,0,0,0,0,0,0
23,19,29.76,7.94,2.6,127,0,0,0,1.5,26,0.8,280,2000,260,60,110,26,12,3,0,0,3,0,0,2,0,3,0
23,20.5,19.71,7.96,4.3,127,0,0,0,1.5,26,0.8,284,960,25,5,146,8,5,8,0,0,0,0,0,0,0,0,0
23,20.5,33.59,8.07,5,127,0,0,0,1.5,26,0.8,100,720,80,20,152,13,3,3,0,1,0,0,0,0,0,0,0
23,21,34.73,8.11,4.9,127,0,0,0,1.5,26,0.9,360,2000,6,2,128,30,1,12,0,0,0,0,0,0,0,0,0
23,21,35.12,8.1,3,127,0,0,0,1.5,26,0.9,320,560,12,88,32,10,1,70,1,0,0,0,0,0,0,0,0
20.5,18.5,31.13,8.03,2.4,0,0,0,0,1.5,32,0.6,680,2000,60,53,244,42,1,0,0,0,0,0,0,0,0,0,0
20,18,32.11,8.03,3.8,0,0,0,0,1.5,32,0.6,2000,2001,180,40,64,16,13,0,0,0,0,0,0,0,0,0,0
20,18,22.91,8,2.2,0,0,0,0,1.5,32,0.6,180,310,50,10,52,45,4,3,0,0,0,0,0,0,0,0,0
19,18,35.35,8.04,3.6,0,0,0,0,1.5,32,0.8,580,320,50,40,106,10,1,0,0,0,0,0,0,0,0,0,0
19,18,34.1,8,2.3,0,0,0,0,1.5,32,0.8,25,800,20,5,21,8,7,0,0,0,0,0,0,0,0,0,0
24.5,19,35.51,8.04,1.3,0,0,0,0,0,32,0.4,20,1120,50,15,76,110,8,0,0,0,0,0,0,0,2,3,0
24.5,19,35.16,8.02,0.9,0,0,0,0,0,2,0.4,160,880,60,48,60,12,6,0,0,0,0,0,0,0,0,0,0
24.5,19,32.95,8.02,0.8,0,0,0,0,0,2,0.4,30,480,160,30,112,40,4,0,0,0,0,0,0,0,0,0,0
24.5,19,35.05,7.95,0.8,0,0,0,0,0,32,0.4,175,800,4,11,33,23,0,0,0,0,0,0,0,0,0,0,0
24.5,19,35.9,7.95,1.5,0,0,0,0,0,2,0.4,350,2000,36,29,1040,140,1,0,0,0,0,0,0,0,0,0,0
18,16,32.03,8.02,1.6,14.54,0,0,0,0,4,1.3,160,240,100,35,1430,25,0,0,0,0,0,0,0,0,4,4,0
18,18,33.09,8.03,1.3,41.86,0,0,0,0,4,1.3,120,800,150,42,1300,40,0,0,0,0,20,0,0,0,1,0,0
18,18,33.7,8.03,2.2,50.97,0,0,0,0,4,1.2,200,1600,60,18,88,36,0,0,0,0,10,0,0,0,0,0,0
18,18,29.61,8.01,0.7,65.54,0,0,0,0,4,1.2,150,1040,70,25,70,35,1,0,0,0,0,0,0,0,0,0,0
18,18,34.21,7.98,0.7,78.29,0,0,0,0,4,1.2,80,260,5,18,220,6,5,0,0,0,0,0,0,0,0,0,0
24,19,29.96,8.02,1,950.56,0,0,0,0,16,1.6,40,320,6,1,40,6,0,0,0,0,10,0,0,0,0,3,0
26,21,35.45,8.05,1.4,953.26,0,0,0,0,16,1.6,220,640,20,100,185,24,6,4,0,0,0,0,0,0,0,0,0
25.5,21,30.41,8.07,2.8,955.95,0,0,0,0,16,1.6,560,400,70,16,780,51,0,15,1,0,0,0,0,0,0,0,0
25.5,21,32.88,8.05,0.9,961.73,0,0,0,0,10,1.2,120,560,7,13,104,38,0,9,0,0,0,0,0,0,0,0,0
25.5,21,32.68,8.02,1.4,968.66,0,0,0,0,10,1.2,420,500,1300,1110,470,100,0,3,1,0,0,0,0,0,0,0,0
27,20,29.48,8.02,2,787.55,0,0,0,0,18,2,116,240,23,5,118,15,3,0,0,0,130,0,2,2,1,2,0
27.5,21,34.22,8.08,1.9,761.97,0,0,0,0,18,2,47,120,42,3,1,15,0,15,0,0,2,0,0,0,2,2,0
27.5,21,33.4,8.05,1.2,749.18,0,0,0,0,18,2,88,800,80,27,125,55,0,30,0,0,0,0,0,0,0,0,0
28,21,31.93,8.03,0.9,760.57,0,0,0,0,18,2,120,200,0,1,13,10,0,50,0,0,0,0,0,0,0,0,0
28,21,32.93,8.04,1,730.96,0,0,0,0,18,2,280,880,20,19,10,20,6,50,2,0,0,0,0,0,2,0,0
24,19,19.32,8,1.2,251,0,0,0,0,16,2,160,560,30,24,2,48,14,0,0,0,0,0,0,0,2,1,0
24,20,19.66,8.01,0.9,251,0,0,0,0,16,2,180,2001,12,5,38,65,3,10,0,0,3,0,0,0,0,2,0
24,20,34.26,8.06,2.7,251,0,0,0,0,16,2,240,1600,30,100,130,100,17,40,3,0,0,0,0,0,0,0,0
24,20,36.24,8.06,1.4,251,0,0,0,0,16,2,240,980,21,2,15,15,7,30,2,0,0,0,0,0,0,0,0
24,20,34.26,8.03,1.5,61.86,0,0,0,0,16,2,560,2000,23,46,12,13,3,50,5,0,0,0,0,0,0,0,0
22,19,30.97,8.07,0.7,0,0,0,0,0,32,1,280,640,62,26,1,10,12,0,0,0,0,0,0,0,1,0,0
22,19,34.58,8.07,1.4,0,0,0,0,0,32,1,320,1120,250,75,60,28,6,0,0,0,0,0,0,0,1,0,0
22,19,30.58,8.08,1.3,0,0,0,0,0,32,1,800,1260,1040,650,100,100,110,0,0,0,0,0,0,0,0,0,0
22,19,34.28,8.06,1.4,0,0,0,0,0,32,1,800,1440,2,1,10,6,8,0,0,0,0,0,0,0,0,0,0
22,19,35.72,8.07,1.3,0,0,0,0,0,32,1,10,340,13,12,5,3,4,0,0,0,0,0,0,0,0,0,0
20.5,18.5,34.04,8.06,1.1,0,0,0,0,0,2,1.6,20,460,9,7,25,5,15,0,0,0,0,0,2,0,0,0,0
22,19,36.78,8.06,1.3,0,0,0,0,0,2,1.6,760,404,24,9,43,2,1,0,0,0,0,0,1,0,0,0,0
20,19,35.98,8.06,1.5,0,0,0,0,0,2,1.6,480,500,780,1300,180,70,150,0,0,0,0,0,0,0,0,0,0
21,19.5,36.81,8.04,0.7,0,0,0,0,0,2,1.3,10,120,1,1,2,2,8,0,0,0,0,0,0,0,0,0,0
20,20,36.91,8.05,0.8,0,0,0,0,0,2,1.3,160,1600,60,27,6,15,9,0,0,0,0,0,1,0,0,0,0
23.5,19,30.67,8.02,0.5,435.98,1.9,0,0,0,32,1.8,2000,2001,108,22,10,5,11,0,0,0,9,0,2,0,0,5,0
23.5,19,30.39,8,0.7,475.59,1.9,0,0,0,32,1.8,2000,1720,150,25,10,15,8,1,0,1,21,0,0,0,0,2,0
23.5,19.2,32.03,8.07,1.1,488.8,1.9,0,0,0,32,1.8,2000,2001,520,88,40,13,0,0,0,0,19,0,0,0,0,0,0
23.5,19.5,36.28,8,0.9,504.64,1.9,0,0,0,32,1.8,480,560,22,2,0,4,25,0,0,0,0,0,0,0,0,0,0
23.5,20,37.55,8.01,1.6,544.25,1.9,0,0,0,32,1.8,120,560,70,13,10,9,0,1,0,0,0,0,0,0,0,0,0
23,19,28.98,8.05,1.3,802.59,0,1.9,1.9,1.9,16,0.5,60,640,33,16,10,8,0,0,0,0,0,0,0,0,1,2,0
23,20,28.3,8.03,1.7,225,0,1.9,1.9,1.9,16,0.5,24,960,18,18,60,18,5,3,0,0,1,0,0,0,0,3,0
23,20,33.53,8.09,1.8,797.38,0,1.9,1.9,1.9,16,0.5,640,880,2200,200,260,100,250,10,2,0,4,0,0,0,0,0,0
23,20,34.22,8.05,2,796.34,0,1.9,1.9,1.9,20,0.3,20,800,2,16,28,3,14,0,0,0,0,0,0,0,1,0,0
23,20,35.59,8.07,1.3,792.18,0,1.9,1.9,1.9,20,0.3,800,1500,405,780,180,130,250,0,0,0,3,0,0,0,0,0,0
23,20,33.24,8.09,1.4,394.09,0.9,2.8,2.8,2.8,2,2.6,560,900,94,18,100,80,18,0,0,0,0,0,0,0,0,0,0
23,20,34.03,8.08,0.6,396.21,0.9,2.8,2.8,2.8,2,2.6,620,800,40,80,30,30,11,0,0,0,0,0,0,0,1,0,0
23,20,33.26,8.08,2,420.47,0.9,2.8,2.8,2.8,2,2.6,280,560,1270,160,130,120,29,0,0,0,0,0,0,0,0,0,0
23,20,32.25,8.06,1.6,419.59,0.9,2.8,2.8,2.8,2,2.6,144,1200,9,15,5,20,6,2,0,0,0,0,0,0,0,0,0
23,20,34.53,8.07,1.4,416.96,0.9,2.8,2.8,2.8,2,2.6,96,1080,80,180,160,10,0,0,0,0,0,0,0,0,0,0,0
24.5,18,27.73,8.02,0.5,119,0.1,2.9,2.9,2.9,2,0.7,70,800,10,0,23,9,2,0,0,0,0,0,2,0,1,1,0
25,20,34.6,8.03,10,119,0.1,2.9,2.9,2.9,2,0.7,128,544,1,2,42,8,3,0,0,0,4,0,1,0,0,0,0
24.5,20,37.38,8.06,1.1,119,0.1,2.9,2.9,2.9,2,0.7,264,1120,300,130,110,0,15,0,0,1,0,4,1,0,0,0,0
25,19.5,37.16,8.04,1.1,119,0.1,2.9,2.9,2.9,32,1.9,44,240,5,30,10,30,0,0,0,0,0,0,0,0,0,0,1
23,20,37.4,8.07,0.5,119,0.1,2.9,2.9,2.9,32,1.9,2001,2001,130,420,25,0,24,0,0,0,0,0,0,0,0,0,1
23.5,18,25.9,7.96,0.8,0,0,2.9,2.9,2.9,32,0.8,785,2001,130,100,390,0,4,0,0,0,1,0,0,0,1,3,0
23.5,20,37.41,8.01,0.7,0,0,2.9,2.9,2.9,32,0.9,613,1200,16,60,210,20,0,0,0,0,0,0,0,0,0,0,0
23.5,20,37.26,8.04,0.7,0,0,2.9,2.9,2.9,32,0.9,2001,2001,650,390,200,8,0,0,0,0,0,0,0,0,0,0,0
23.5,19,37.07,8,0.7,0,0,2.9,2.9,2.9,32,0.9,656,700,7,10,10,10,0,4,0,0,0,0,0,0,0,0,0
23.5,19,37.07,8,0.8,0,0,2.9,2.9,2.9,32,0.9,20,512,260,100,80,20,6,0,0,0,0,0,0,0,0,0,0
21.5,17,37.07,8,0.6,0,0,2.9,2.9,2.9,4,0.3,50,368,260,10,230,17,36,0,0,0,0,0,0,0,0,3,0
21.5,19,37.25,8.06,0.7,0,0,2.9,2.9,2.9,4,0.3,106,376,200,60,15,10,6,0,0,0,0,0,0,0,0,0,0
21.5,19,32.94,8.03,1,0,0,2.9,2.9,2.9,4,0.6,144,560,390,180,260,15,17,0,0,0,0,0,0,0,0,0,0
21.5,19,37.28,8.05,0.8,0,0,2.9,2.9,2.9,4,0.6,140,240,52,40,150,20,0,0,0,0,0,0,0,0,0,0,0
21.5,19,37.19,8.04,1.1,0,0,2.9,2.9,2.9,4,0.6,417,2001,390,400,180,25,24,0,0,0,0,0,0,0,0,0,0
20.5,18,13.19,8.1,0.9,469.58,0,2.9,2.9,2.9,4,0.2,1300,2001,1300,260,58,10,56,0,0,0,1,0,0,0,1,3,0
20,18,23.33,7.96,0.9,512.39,0,2.9,2.9,2.9,8,1,100,2001,650,390,90,15,10,0,0,0,0,0,0,0,0,2,0
20,18,29.49,8.01,0.7,526.66,0,2.9,2.9,2.9,8,1,672,2001,260,130,110,5,42,0,0,0,10,0,0,0,1,0,0
20,19,34.15,8.03,0.8,540.93,0,2.9,2.9,2.9,8,1,132,1040,390,70,80,15,18,0,0,0,0,0,0,0,0,2,0
20,19,35.65,8.06,1.2,611.41,0,2.9,2.9,2.9,8,1,80,823,100,80,55,18,18,0,0,0,0,0,0,0,1,1,0
23.5,18,24.1,8.01,1.1,995.46,0,1,2.9,2.9,18,1.8,60,1650,130,30,160,12,3,0,0,0,5,0,2,0,1,1,0
22,19,32.08,8.04,1.1,984.66,0,1,2.9,2.9,18,1.8,204,400,280,70,65,10,6,1,0,0,0,0,0,0,2,1,0
23,19,17.56,8.04,1.1,979.81,0,1,2.9,2.9,18,1.8,172,1680,70,55,47,40,15,0,0,0,0,0,0,0,0,0,0
23.5,21,27.07,8.02,0.6,973.33,0,1,2.9,2.9,16,2.5,80,1120,20,60,50,30,4,18,1,0,0,0,0,0,0,0,0
24,21,29.77,8.01,1,994.74,0,1,2.9,2.9,16,2.5,544,1680,30,80,8,20,34,10,0,0,0,0,0,0,0,0,0
25,21,33.31,8.06,0.5,741.86,0,0.4,2.9,2.9,16,2.9,2001,2001,1300,390,50,10,32,2,0,0,0,0,0,0,0,0,0
25,21,32.97,8.06,1.4,811.26,0,0.4,2.9,2.9,16,2.9,600,1280,280,260,180,0,30,15,0,1,0,0,0,0,0,0,0
25,19.5,25.33,8.03,4.2,780.05,0,0.4,2.9,2.9,16,2.9,890,2001,130,180,130,0,23,19,0,0,0,0,0,0,0,0,0
25,21.5,32.7,8.06,2.3,748.84,0,0.4,2.9,2.9,16,2.8,400,1480,7,28,100,13,6,80,0,0,0,0,0,0,0,0,0
25,21.5,32.7,8.06,2.6,673.94,0,0.4,2.9,2.9,16,2.8,50,2001,130,130,67,5,48,90,0,0,0,0,0,0,0,0,0
24.5,19,25.19,7.85,0.9,237,0,0.1,2.9,2.9,14,2.1,50,600,110,41,130,4,28,3,0,0,0,0,0,2,0,3,0
24.5,21,33.47,7.93,2.4,237,0,0.1,2.9,2.9,14,2.1,150,2001,110,100,0,30,67,1,0,0,0,0,0,0,0,0,0
24.5,21,27.73,7.93,2.7,237,0,0.1,2.9,2.9,14,2.1,100,1600,100,54,7,25,31,13,1,0,0,0,0,0,0,0,0
24.5,21,32.98,7.96,2,237,0,0.1,2.9,2.9,14,2.1,20,2001,4,6,60,13,21,10,0,0,0,0,0,0,0,0,0
24.5,21,33.83,8,4.1,237,0,0.1,2.9,2.9,14,2.1,110,120,750,260,20,13,1,25,2,0,0,0,0,0,0,0,0
19.5,19,19.85,7.93,3.2,0,1.78,0,2.9,2.9,28,0.2,40,180,560,200,11,8,2,0,0,0,0,0,0,0,0,0,0
19,18.5,33.01,7.97,1.8,0,1.75,0,2.9,2.9,28,0.2,70,100,390,130,2,15,0,0,0,0,0,0,0,0,0,0,0
19,18.5,33.14,8.01,1,0,1.73,0,2.9,2.9,28,0.2,120,2000,390,130,15,10,1,0,0,2,0,0,0,0,0,0,0
18.5,19,33.18,7.97,6.4,0,1.72,0,2.9,2.9,28,0.2,40,60,130,48,18,40,2,0,0,0,0,0,0,0,0,0,0
18.5,19,28.91,7.71,5.1,0,1.33,0,2.9,2.9,28,0.2,50,1,28,17,43,15,12,0,0,0,0,0,0,0,0,0,0
18,19,35.79,7.99,2.9,0,15.49,13,15.9,15.9,2,1.3,60,20,35,11,55,8,0,0,0,0,0,0,0,0,2,2,0
18,20,36.11,7.99,1.2,0,14.57,13,15.9,15.9,2,1.3,10,8,45,20,70,2,4,0,0,0,0,0,0,0,0,0,0
18,20,35.89,8,0.8,0,14.26,13,15.9,15.9,2,1.3,50,10,130,20,30,16,25,0,0,0,0,0,0,0,0,0,0
18,20,35.8,8,2.1,0,13.88,13,15.9,15.9,6,1.1,10,40,35,11,55,28,10,0,0,0,0,0,0,0,0,0,0
18,20,35.72,8,2,0,12.96,13,15.9,15.9,6,1.1,90,320,780,200,5,48,20,0,0,0,0,0,0,0,0,0,0
19,19,29.61,7.97,1.3,11.16,0.05,13.2,16.1,16.1,4,0.3,150,300,680,130,50,57,27,0,0,0,0,0,0,0,2,0,0
19,19,33.45,7.95,0.7,18.91,0.075,13.2,16.1,16.1,6,0.7,130,2001,1300,900,130,68,10,0,0,0,0,0,0,0,1,0,0
19,19,32.48,7.97,0.9,21.5,0.083333333,13.2,16.1,16.1,6,0.7,370,600,650,130,10,55,18,0,0,2,40,19,0,0,0,0,0
19,19,36.02,7.99,0.6,24.08,0.091666667,13.2,16.1,16.1,6,0.7,10,20,7,3,10,6,7,0,0,0,0,0,0,0,0,0,0
19,19,35.5,7.98,0.6,57,0,13.2,16.1,16.1,6,0.7,280,200,520,150,11,18,15,0,0,0,0,0,0,0,0,0,0
21,19,30.77,7.99,0.7,411,6.78,16.4,17.4,19.3,16,1.4,340,240,520,400,650,5,30,0,0,0,4,0,0,0,0,3,0
21,21,28.62,7.98,1.1,108.81,3.49,16.4,17.4,19.3,16,1.4,120,280,1300,650,650,80,4,0,0,0,20,0,0,0,0,1,0
21,21,30.7,7.97,1.4,133.88,3.28,16.4,17.4,19.3,16,1.4,160,160,390,180,100,20,2,0,0,0,0,0,0,0,0,0,0
21,21,34.54,7.98,1.2,125.78,2.87,16.4,17.4,19.3,12,0.3,100,120,390,120,100,25,5,0,0,0,0,0,0,0,0,0,0
21,21,35.1,8.02,2.6,122.83,1.87,16.4,17.4,19.3,12,0.3,20,1000,70,250,8,0,3,0,0,0,0,0,0,0,0,0,0
26.5,21.5,28.07,8.02,1,116.2,6.1,20.5,20.9,23.4,16,3.1,30,100,100,51,35,3,7,0,0,0,0,0,0,0,3,0,0
27,23,35.39,8.07,0.7,70.47,5.23,20.5,20.9,23.4,16,3.1,80,170,260,130,50,80,2,0,0,2,4,0,1,0,2,0,0
26,23,33.93,8.06,2.7,17.71,5.02,20.5,20.9,23.4,16,3.1,110,320,80,130,20,34,4,0,0,0,7,0,0,0,0,0,0
25,24,35.45,8.06,2.6,17.82,4.58,20.5,20.9,23.4,16,3.3,100,80,130,50,20,11,3,0,0,0,0,0,0,0,0,0,0
25,24,35.2,8.03,0.9,18.02,3.72,20.5,20.9,23.4,16,3.3,13,60,20,35,30,1,38,0,0,0,0,0,0,0,0,0,0
23,19,34.87,8.05,5.8,213,0,20.5,20.6,23.4,20,0.8,52,640,80,32,20,20,25,9,0,0,2,0,0,0,0,0,0
23,20,34.58,8.07,3.9,213,0,20.5,20.6,23.4,20,1.7,104,144,40,280,16,0,24,2,0,0,1,0,0,0,0,0,0
23,20,34.94,8.07,4,213,0,20.5,20.6,23.4,20,1.7,432,520,15,260,30,0,112,12,0,0,0,0,0,0,0,0,0
23,20,34.62,8.06,9,213,0,20.5,20.6,23.4,20,1.7,64,53,10,21,34,10,8,7,0,0,0,0,0,0,0,0,0
23,20,34.75,8.02,18.1,213,0,20.5,20.6,23.4,20,1.7,150,40,35,50,30,2,6,4,0,0,0,0,0,0,0,0,0
22,20,34.77,7.9,5.3,0,0,20.5,20.5,23.4,6,0.3,180,156,18,150,5,0,11,0,0,0,0,0,0,0,0,0,0
22,20,35.13,8.05,8,0,0,20.5,20.5,23.4,6,0.3,60,80,50,38,10,7,19,0,0,0,0,0,0,0,0,0,0
22,20,34.67,8,8.5,0,0,20.5,20.5,23.4,6,0.3,528,400,200,100,25,4,24,0,0,0,0,0,0,2,0,0,0
22,20,35.91,8.01,12.2,0,0,20.5,20.5,23.4,6,0.3,89,48,3,10,3,0,2,0,0,0,0,0,0,0,0,0,0
22,20,35.98,8,3.8,0,0,20.5,20.5,23.4,6,0.3,20,36,5,35,35,1,7,0,0,0,0,0,0,0,0,0,0
20.5,19,30.15,7.99,1,0,0,11.5,20.5,23.4,16,2.5,28,200,10,5,20,4,5,0,0,0,0,0,0,0,0,0,0
20,20,34.89,8.07,0.85,0,0,11.5,20.5,23.4,16,2.2,72,120,70,10,10,3,127,0,0,0,0,0,0,0,0,0,0
20,20,33.26,8.05,15.8,0,0,11.5,20.5,23.4,16,2.2,264,116,60,35,20,2,26,0,0,0,0,0,0,0,0,0,0
20,20,32.94,8.02,3.6,0,0,11.5,20.5,23.4,16,2.2,128,160,30,130,50,6,59,0,0,0,0,0,0,0,0,0,0
20,19,35.08,8.02,1.9,0,0,11.5,20.5,23.4,16,2.2,248,424,130,80,20,6,14,0,0,0,0,0,0,0,0,0,0
20,20.5,29.32,7.94,1.7,133.88,2.6,9.2,22.4,25.3,12,0.3,127,736,35,25,25,5,5,0,0,0,0,0,0,0,0,2,0
20,20.5,36.5,7.99,1,125.78,3.06,9.2,22.4,25.3,16,0.9,140,344,45,33,15,1,10,0,0,0,0,0,1,0,0,0,0
20,20.5,36.16,8.01,1.9,122.83,3.23,9.2,22.4,25.3,16,0.9,55,216,60,15,10,15,4,0,0,1,47,0,3,0,0,0,0
20,20.5,35.61,7.97,2.5,116.2,3.6,9.2,22.4,25.3,16,0.9,20,132,60,40,20,5,5,0,0,0,0,0,1,0,0,0,0
20,20.5,35.76,7.97,1.7,70.47,6.34,9.2,22.4,25.3,16,0.9,30,400,55,22,20,10,2,0,0,0,0,0,0,0,0,0,0
21,22.5,30.4,7.86,0.5,0,1.44,2,2,2,6,0.7,100,140,5,7,10,1,1,0,0,0,0,0,0,0,0,1,0
22.5,24,36.53,7.94,0.3,0,1.2,2,2,2,6,0.7,240,184,13,18,22,6,4,0,0,0,0,0,0,0,0,0,0
22,24,36.91,7.94,1.3,0,1.01,2,2,2,4,1.1,32,200,12,1,5,5,5,2,0,0,0,0,0,0,0,0,0
20,23,36.84,7.95,0.8,0,0,2,2,2,4,1.1,800,900,6,4,3,3,0,0,0,0,0,0,0,0,0,0,0
20,23,36.57,7.91,0.3,0,0,2,2,2,4,1.1,66,170,60,20,8,3,1,2,0,0,0,0,0,0,0,0,0
20.8,20.5,27.2,7.92,1,378.48,0,2,2,2,8,2.8,410,100,4,0,10,0,0,0,0,0,3,0,1,0,1,1,0
21.2,23,36.37,7.95,0.4,453.16,0,2,2,2,8,2.8,210,320,11,5,10,5,6,0,0,0,0,0,0,0,0,0,0
21.2,23,36.28,7.97,1.5,468.93,0,2,2,2,8,2.8,60,220,0,2,3,2,1,0,0,0,0,20,0,0,0,0,0
20.5,23,36.88,7.99,0.3,487.33,0,2,2,2,8,2.6,160,160,2,0,1,0,0,0,0,0,4,0,0,0,0,0,0
20.5,23,36.96,7.99,0.2,529.39,0,2,2,2,8,2.6,80,100,230,260,25,4,3,0,0,0,3,0,1,0,0,0,0
28,20,26.33,7.99,0.4,985.45,0,2,2,2,8,2.7,40,120,6,2,5,6,0,0,0,0,70,0,0,0,0,0,0
28,22,35.8,8.05,0.6,981.46,0,2,2,2,8,2.7,240,300,20,8,4,8,8,0,0,0,5,0,0,0,0,0,0
28,22,32.16,8.03,1.9,979.47,0,2,2,2,8,2.7,64,120,10,15,15,15,13,20,0,0,0,0,0,0,0,0,0
28,23,37.03,7.96,0.8,977.48,0,2,2,2,8,2.7,240,200,2,5,1,2,0,11,5,0,0,0,0,0,0,0,0
28,24,37.13,8,0.5,975.48,0,2,2,2,8,2.7,36,160,18,260,6,0,1,32,8,0,0,0,0,0,0,0,0
28.5,23,25.8,8.01,0.9,790.69,0,2,2,2,22,2,60,80,70,1,4,8,0,0,0,0,68,0,0,2,0,3,0
28.5,24.5,35.24,8.08,0.5,766.46,0,2,2,2,22,2,130,180,13,4,20,15,0,10,0,0,0,0,0,0,0,1,0
28.5,24.5,35.78,8.09,0.6,736.89,0,2,2,2,22,2,320,480,12,60,20,8,0,23,1,0,0,0,0,0,0,0,0
28.5,25,35.18,8.09,0.4,716.2,0,2,2,2,16,1.9,400,280,2,3,25,60,0,32,0,0,0,0,0,0,0,0,0
28.5,25,36.47,8.12,0.5,662.97,0,2,2,2,16,1.9,50,1280,10,18,3,4,2,59,3,0,0,0,0,0,0,0,0
28,24,35.12,7.95,1.1,310,0,2,2,2,8,1.9,120,880,55,9,3,30,5,15,0,0,6,0,0,3,2,0,0
28,25,35.69,7.94,3,310,0,2,2,2,8,1.9,1120,1300,28,52,0,10,1,25,0,0,0,3,0,0,1,0,0
28,25,35.72,7.98,1.2,310,0,2,2,2,8,1.9,480,610,260,160,0,260,130,250,10,0,0,0,0,0,0,0,0
29,26,36.7,7.96,2.2,310,0,2,2,2,8,1.5,2001,2001,10,12,0,8,0,300,15,0,0,0,0,0,0,0,0
29,25,36.82,8.01,1.1,310,0,2,2,2,8,1.5,200,120,90,120,6,6,10,350,20,0,0,0,0,0,0,0,0
25,19,23.7,7.94,0.9,0,0,2,2,2,32,2.6,400,450,9,3,0,25,4,0,0,0,0,0,0,0,0,0,0
23,23,36.53,7.95,1.6,0,0,2,2,2,32,2.6,800,720,60,50,17,10,3,0,0,0,0,0,0,0,0,0,0
22,23,36.23,7.94,6.3,0,0,2,2,2,32,2.6,320,160,55,28,35,30,25,0,0,0,0,0,0,0,0,0,0
21,23,36.84,7.96,0.9,0,0,2,2,2,32,0.6,240,400,6,3,4,13,1,0,0,0,0,0,0,0,0,0,0
22,24,36.69,7.97,1.4,0,0,2,2,2,32,0.6,160,180,50,36,25,7,7,3,0,0,0,0,1,0,0,0,0
20,20,26.19,7.99,1.2,0,0,0,2,2,2,1.1,80,160,150,11,4,5,1,0,0,0,0,0,0,0,0,1,0
20,22,35.73,8,1.4,0,0,0,2,2,2,1.1,240,260,5,5,1,9,1,0,0,0,0,0,0,0,0,0,0
21,23,36.68,7.99,3.2,0,0,0,2,2,32,0.5,320,400,26,2,2,12,11,0,0,0,0,0,0,0,0,0,0
20,23,36.44,7.97,1.2,0,0,0,2,2,32,0.5,160,450,0,3,15,1,0,0,0,0,0,0,1,0,0,0,0
21,23,36.57,8,1,0,0,0,2,2,32,0.5,80,200,75,33,5,10,16,0,0,0,0,0,1,0,0,0,0
22.1,18.4,26.19,7.99,1.2,382.51,0,0,2,2,2,1.9,120,160,60,26,8,2,6,0,0,1,0,0,1,0,1,1,0
21,21.3,35.73,8,3,446.84,0,0,2,2,2,1.9,180,180,12,50,30,4,8,0,0,0,0,0,0,0,0,0,0
21,23,36.68,7.99,0.9,467.8,0,0,2,2,2,1.9,200,320,10,6,100,100,15,0,0,2,30,0,0,0,0,0,0
20.2,22.9,36.44,7.97,1.1,480.9,0,0,2,2,6,2.2,120,160,1,8,12,2,3,0,0,0,0,0,0,0,0,0,0
20.2,22.8,36.57,8,0.8,520.19,0,0,2,2,6,2.2,100,160,3,45,6,4,6,1,0,0,0,0,0,0,0,0,0
28,22,34.2,8,1.2,1337.03,0,0,2,2,20,2,240,180,45,40,1,22,5,5,0,0,5,0,0,0,0,0,0
28,23,35.68,8.07,1.9,1193.26,0,0,2,2,18,2,320,480,80,10,1,15,6,7,0,0,0,0,0,0,0,0,0
28,24,36.84,8.07,1.5,1097.41,0,0,2,2,18,2,480,480,7,25,1,40,35,46,13,0,0,0,0,0,0,0,0
29,24.4,36.86,8.07,1,1049.49,0,0,2,2,18,2,334,400,1,10,0,10,2,32,8,0,0,0,0,0,0,0,0
29,24,36.77,8.05,1.6,457.77,0,0,2,2,18,2,30,40,1,25,30,5,1,54,17,0,0,0,0,0,0,0,0
33,23,35.7,8.08,1.3,858,0,0,2,2,20,2.1,26,50,6,3,8,30,0,8,0,0,40,0,0,3,1,0,0
33,22,36.87,8.1,1.2,858,0,0,2,2,20,2.1,240,320,4,12,3,10,2,25,0,0,0,0,0,0,1,0,0
33,22,35.53,8.11,1.2,858,0,0,2,2,20,2.1,88,250,5,6,15,100,1,50,7,0,0,0,0,0,0,0,0
33,23,36.93,8.09,1.4,858,0,0,2,2,20,2.1,120,160,0,0,20,2,0,100,0,0,0,0,0,2,0,0,0
33,23,36.92,8.12,1.2,887.47,0,0,2,2,20,2.1,72,480,100,150,150,6,10,60,3,0,0,0,0,0,0,0,0
25.5,22.5,27.51,7.99,0.7,0,0,0,2,2,22,1.2,1800,1200,23,16,130,5,1,10,0,1,0,0,0,0,0,3,0
25.5,24,36.84,7.98,0.9,0,0,0,2,2,22,1.2,2001,2001,70,26,10,15,20,22,0,0,0,0,0,0,0,0,0
25.5,24,36.87,7.98,1.6,0,0,0,2,2,20,0.7,2001,2001,35,12,40,5,5,130,2,13,0,0,0,0,0,0,0
28,24,37.11,7.98,2.5,0,0,0,2,2,20,0.7,1024,1000,4,5,20,10,0,80,5,0,0,0,0,0,0,0,0
28,24,36.76,8.02,1.6,0,0,0,2,2,20,0.7,160,240,80,33,75,2,10,55,3,0,0,0,0,0,0,0,0
26,20,28.33,7.96,0.7,0,0,0,2,2,32,1.3,280,240,16,5,80,1,1,0,0,0,0,0,0,2,0,0,0
21,23,36.27,7.98,1.1,0,0,0,2,2,32,1.3,864,360,75,18,50,2,6,0,0,0,0,0,0,0,0,0,0
22,22,35.57,7.98,1.2,0,0,0,2,2,32,1.3,80,80,5,7,130,0,2,0,0,0,0,0,0,0,0,0,0
22,23,36.94,7.96,0.6,0,0,0,2,2,2,0.4,200,320,4,12,40,1,0,0,0,0,0,0,0,0,0,0,0
21,23,37.06,7.96,0.6,0,0,0,2,2,2,0.4,358,60,50,45,1,16,1,1,0,0,0,0,0,0,0,0,0
25,18,25.92,7.95,0.8,0,0,0,0,2,32,0.4,216,180,28,4,70,3,0,0,0,0,0,0,0,0,0,0,0
23.5,22,36.54,7.97,0.5,0,0,0,0,2,32,0.4,864,240,4,5,80,15,2,0,0,0,0,0,0,0,0,0,0
22.5,22,37.07,7.96,0.8,0,0,0,0,2,32,0.4,160,160,2,1,60,4,3,6,0,0,0,0,1,0,0,0,0
22,23,37.22,7.95,0.3,0,0,0,0,2,0,0,256,180,3,1,100,10,0,0,0,0,0,0,1,0,0,0,0
22,22,37.18,7.94,0.4,0,0,0,0,2,0,0,144,100,38,40,15,3,1,0,0,0,0,0,1,0,0,0,0
22.8,18,23.21,7.97,0.5,106,0,0,0,2,0,0,170,60,85,38,60,1,6,0,0,0,0,0,2,0,1,1,0
22,21.2,30.86,7.94,0.7,106,0,0,0,2,0,0,340,560,120,76,40,5,5,0,0,0,1,0,1,0,0,0,0
22,21,30.75,7.97,0.4,106,0,0,0,2,0,0,164,320,60,18,10,3,5,0,0,0,30,20,1,0,0,0,0
21.2,22,36.71,7.95,0.4,41.36,0,0,0,2,0,0,160,120,3,6,20,7,0,0,0,0,0,0,1,0,0,0,0
21.2,22.6,37.47,7.99,0.6,147.38,0,0,0,2,0,0,2001,2001,180,100,2,8,12,1,0,0,0,0,0,0,0,0,0
27,21.5,24.15,7.98,0.5,747.2,0,0,0,2,22,1,200,320,26,4,40,28,1,1,0,0,10,0,1,0,0,3,0
30,25,35.98,8.05,0.7,776.52,0,0,0,2,14,1.4,2001,2001,12,15,10,10,8,6,0,0,0,0,0,0,0,2,0
30,25,36.37,8.02,2.8,786.29,0,0,0,2,14,1.4,200,200,60,12,130,15,10,75,1,0,0,0,0,0,0,0,0
31,25,36.79,8.08,0.9,801.92,0,0,0,2,14,1.4,230,160,0,2,55,16,1,32,3,0,0,0,0,0,0,0,0
31,25,36.09,8.09,1.3,970.33,0,0,0,2,14,1.4,360,200,110,130,15,10,10,46,1,0,0,0,0,0,0,0,0
30,26,24.39,8.03,0.8,595.49,0,0,0,2,20,1.9,180,400,390,130,5,130,17,6,0,0,15,0,1,2,0,3,0
30,26,26,8.05,0.5,637.41,0,0,0,2,20,1.9,2001,2001,55,15,130,0,1,12,0,0,0,0,0,2,0,0,0
30,26,35.47,8.06,1.1,655.12,0,0,0,2,20,1.9,240,320,7,6,30,35,11,95,2,0,0,0,0,0,0,0,0
30,26,34.34,8.07,0.8,672.83,0,0,0,2,22,1.8,200,1000,3,8,100,80,28,50,1,0,0,0,0,0,0,0,0
30,26,33.29,8.07,1.4,717.11,0,0,0,2,22,1.8,80,360,15,38,8,0,3,40,0,0,0,0,0,2,0,0,0
31,23,34.95,8,0.6,302,0,0,0,2,22,1.4,1600,2001,15,13,3,5,3,14,0,0,0,0,1,0,1,0,0
31,23,36.87,8.03,0.7,302,0,0,0,2,22,1.4,640,800,45,30,10,2,6,80,4,0,0,0,0,0,1,0,0
31,23,36.78,8.08,1,302,0,0,0,2,22,1.4,260,360,180,60,0,1,7,550,45,0,0,0,0,0,0,0,0
31,24,37.27,8.05,1.7,302,0,0,0,2,22,1.4,800,2001,4,0,10,0,1,400,20,0,0,0,0,0,0,0,0
31,24,36.78,8.07,2,302,0,0,0,2,22,1.4,80,160,100,80,13,0,1,470,30,0,0,0,0,0,0,0,0
25,20,27.03,7.97,0.8,0,0,0,0,2,32,0.3,320,400,4,6,10,0,1,0,0,0,0,0,0,0,0,0,0
23,23,36.99,7.98,0.7,0,0,0,0,2,32,0.3,400,560,520,18,100,0,6,0,0,0,0,0,0,0,0,0,0
23,22,34.9,7.99,1.1,0,0,0,0,2,32,0.3,200,480,1300,390,3,0,0,0,0,0,0,0,0,0,0,0,0
21,23,36.56,7.96,0.8,0,0,0,0,2,32,0.7,200,280,15,3,25,10,0,0,0,0,0,0,0,0,0,0,0
22,23,36.74,7.99,1.1,0,0,0,0,2,32,0.7,120,190,90,25,2,0,13,2,0,0,0,0,0,0,0,0,0
24.5,17,22.58,7.96,0.7,0,0,0,0,0,32,1.2,160,480,130,22,1,0,5,0,0,0,0,0,1,0,0,1,0
23.5,22,33.74,7.97,0.8,0,0,0,0,0,32,1.2,460,640,260,50,18,0,10,0,0,0,0,0,0,0,0,0,0
23,22,30.24,7.97,0.6,0,0,0,0,0,32,1.2,320,400,390,100,1,0,18,0,0,0,0,0,1,0,0,0,0
22.5,22,25.54,8.01,0.8,0,0,0,0,0,30,0.2,160,200,2,36,18,0,0,0,0,0,0,0,1,0,0,0,0
23,22,36.88,7.94,0.7,0,0,0,0,0,30,0.2,320,400,50,29,15,0,7,2,0,0,0,0,1,0,0,0,0
22.9,20,26.66,7.98,0.6,291.01,0,0,0,0,32,0.8,80,160,60,18,20,0,1,0,0,0,0,0,2,0,1,1,0
22.9,23.5,35.78,7.97,0.5,447.91,0,0,0,0,32,0.8,180,210,260,70,7,1,8,0,0,0,0,0,0,0,0,0,0
23.1,21.4,30.32,8,0.6,460.82,0,0,0,0,32,0.8,320,350,180,35,3,0,25,0,0,0,30,20,1,0,0,0,0
22,22,37.07,8,0.9,484.07,0,0,0,0,32,0.1,60,100,0,10,13,0,0,1,0,0,0,0,0,0,0,0,0
22,23,37.19,8,0.7,517.65,0,0,0,0,32,0.1,400,520,3,20,20,2,11,1,0,0,0,0,0,0,0,0,0
29,23,35.25,8.08,1.2,795.69,0,0,0,0,16,1,180,280,40,9,26,20,15,2,0,0,10,0,0,0,1,0,0
28,23,36.38,8.01,1,918.39,0,0,0,0,16,1,240,720,18,8,0,0,14,12,0,1,0,0,0,0,1,0,0
28,23,36.25,8.01,1.4,795.54,0,0,0,0,16,1,250,440,100,25,3,15,92,200,10,0,0,0,0,0,0,0,0
29,24,36.73,7.99,0.5,795.62,0,0,0,0,16,1.2,180,360,1,2,8,0,3,150,5,0,0,0,0,0,0,0,0
29,24,36.9,8.02,0.9,795.89,0,0,0,0,16,1.2,64,240,6,40,12,1,7,100,7,0,0,0,0,0,0,0,0
34,23,36.23,8.02,1,541.65,0,0,0,0,16,1.8,140,160,10,8,18,1,13,11,0,0,50,0,1,3,1,0,0
34,23,36.94,8.03,0.7,487.76,0,0,0,0,16,1.6,160,560,65,10,0,7,33,26,0,0,0,0,0,0,1,0,0
34,23,36.66,8.03,1.4,474.29,0,0,0,0,16,1.6,440,460,80,10,30,8,49,200,3,0,0,0,1,0,0,0,0
34,24,35.22,8.03,0.9,514.7,0,0,0,0,16,1.8,400,580,2,10,4,1,10,100,2,0,0,0,0,0,0,0,0
34,24,35.83,8.05,0.5,595.53,0,0,0,0,16,1.8,1800,2001,60,80,0,3,18,100,0,0,0,0,0,2,0,0,0
29,22,23.72,8.05,0.8,300,0,0,0,0,20,1.2,800,1600,130,100,8,0,13,14,0,0,3,0,1,0,0,2,0
29,25,30.34,8.05,0.9,300,0,0,0,0,20,1.2,2001,2001,100,35,0,10,28,30,0,0,0,0,0,0,0,2,0
29,25,35.41,8.04,0.7,300,0,0,0,0,20,1.2,2001,2001,130,180,0,0,43,140,3,0,0,0,1,2,0,0,0
29,25,33.03,8.06,1,300,0,0,0,0,20,0.6,2001,2001,5,13,3,10,8,160,3,0,0,0,0,0,0,0,0
29,25,35.84,8.07,0.7,300,0,0,0,0,20,0.6,200,780,5,40,5,0,11,70,1,0,0,0,0,0,0,0,0
26,20,25.68,8.02,0.6,0,0,0,0,0,30,0.3,224,480,85,30,15,0,2,0,0,0,0,0,0,0,0,0,0
22,24,35.18,8.02,0.4,0,0,0,0,0,30,0.3,800,910,130,30,25,6,14,0,0,0,0,0,0,0,0,0,0
23,24,36.35,8.04,1.4,0,0,0,0,0,30,0.3,640,880,260,25,0,0,10,0,0,0,0,0,0,0,0,0,0
23.5,24,36.05,8.04,0.5,0,0,0,0,0,0,0,400,560,7,3,27,11,4,5,0,0,0,0,0,0,0,0,0
24,24,36.33,8.01,0.5,0,0,0,0,0,0,0,240,320,10,5,4,0,2,2,0,0,0,0,0,0,0,0,0
25,22,34.71,8.04,0.7,0,0,0,0,0,32,0.4,200,440,18,15,45,0,3,0,0,0,0,0,0,0,0,0,0
25,22,36.73,8.05,0.5,0,0,0,0,0,32,0.4,720,810,350,50,25,4,10,0,0,0,0,0,0,0,0,0,0
25,22,26.07,7.98,0.7,0,0,0,0,0,32,0.4,120,640,100,40,15,1,10,6,0,0,0,0,1,0,0,0,0
25,23,37.41,8.03,0.4,0,0,0,0,0,32,0.4,320,320,3,1,28,0,1,1,0,0,0,0,1,0,0,0,0
25,23,37.38,8.04,0.5,0,0,0,0,0,32,0.4,200,960,60,20,35,2,5,0,0,0,0,0,1,0,0,0,0
23,20,24.26,8.02,0.6,423.59,0,0,0,0,30,0.2,160,400,100,100,20,0,8,0,0,0,6,0,0,0,1,1,0
23.2,22.9,34.52,8.04,0.8,452.41,0,0,0,0,30,0.2,240,260,80,15,25,1,1,0,0,0,0,0,0,0,0,0,0
22.4,23.2,35.87,8.08,0.7,499.59,0,0,0,0,0,0,224,720,100,30,8,0,10,1,0,0,10,20,1,0,0,0,0
24,24,36.21,8.05,0.7,531.03,0,0,0,0,0,0,272,480,1,1,24,0,1,4,0,0,0,0,0,0,0,0,0
24.8,24,37.12,8.06,0.5,613.7,0,0,0,0,0,0,2001,2001,30,90,3,2,5,4,0,0,0,0,0,0,0,0,0
27.5,23.5,29.05,8.04,0.5,971.34,0,0,0,0,16,0.8,560,720,18,5,0,0,2,9,0,0,70,0,1,0,0,4,0
27.5,25,36.42,8.09,0.7,965.91,0,0,0,0,16,0.8,1800,2001,5,0,0,1,11,100,6,0,0,0,0,3,0,0,0
27.5,25,36.92,8.09,12.1,962.65,0,0,0,0,16,0.8,2001,2001,350,260,5,4,30,12,0,1,0,0,0,0,0,2,0
28,26,35.61,8.07,1,960.48,0,0,0,0,18,1.3,640,800,5,10,20,0,0,100,6,0,0,0,0,0,0,0,0
28,26,37.25,8.08,0.6,956.86,0,0,0,0,18,1.3,88,160,5,60,10,0,6,60,4,0,0,0,0,0,0,0,0
33,24,34.44,8.08,2.4,640.11,0,0,0,0,22,2,180,180,32,8,8,2,6,5,0,0,50,0,1,0,1,0,0
33,25,36.17,8.08,0.8,678.43,0,0,0,0,20,1.6,400,720,3,2,0,1,1,26,0,0,0,0,0,0,1,0,0
33,25,36.12,8.12,0.6,696.11,0,0,0,0,20,1.6,180,220,60,66,15,0,12,200,7,0,0,0,0,0,0,0,0
33,25,35.86,8.09,1,716.75,0,0,0,0,20,1.6,380,400,0,3,10,8,5,100,0,0,0,0,0,0,0,0,0
33,25,35.87,8.09,0.5,763.59,0,0,0,0,20,1.6,2001,2001,28,100,20,8,2,80,0,0,0,0,0,0,0,0,0
31,24,27.09,7.99,0.7,279,0,0,0,0,22,1.5,2001,2001,24,20,1,5,1,31,0,0,3,0,1,0,0,4,0
31,25,35.35,8.06,0.6,279,0,0,0,0,22,1.5,2001,2001,20,18,0,0,2,83,3,0,0,0,0,0,0,0,0
31,25,36.61,8.08,0.6,279,0,0,0,0,22,1.5,2001,2001,390,130,2,30,100,30,0,0,0,0,0,0,0,2,0
31,25,37.07,8.07,1.1,279,0,0,0,0,20,0.8,2001,2001,8,28,1,8,1,130,5,0,0,0,0,0,0,0,0
31,25,37.05,8.1,1.2,279,0,0,0,0,20,0.8,592,620,240,130,6,1,8,140,3,0,0,0,0,0,0,0,0
22,21,26.98,8.02,0.8,0,0,0,0,0,32,0.7,320,440,13,18,0,0,2,0,0,0,0,0,0,0,0,0,0
24,25,35.24,8.04,0.5,0,0,0,0,0,32,0.7,936,1168,25,20,5,15,4,1,0,0,0,0,0,0,0,0,0
23.5,24,35.45,8.05,1.3,0,0,0,0,0,32,0.7,1344,1600,1300,1040,180,0,100,12,0,0,0,0,0,0,0,0,0
26,25,36.48,8.09,0.6,0,0,0,0,0,0,0,1760,1800,6,5,5,1,1,0,0,0,0,0,0,0,0,0,0
26,24,36.92,8.01,1.1,0,0,0,0,0,0,0,1184,1400,80,38,11,2,8,0,0,0,0,0,0,0,0,0,0
25,21,22.46,7.96,0.9,0,0,0,0,0,28,0.4,456,520,130,40,10,15,6,0,0,0,0,0,1,0,0,4,0
25,25,24.91,7.99,0.9,0,0,0,0,0,28,0.4,924,1000,84,23,20,3,11,0,0,0,0,0,1,0,0,2,0
25,25,25.13,7.92,1,0,0,0,0,0,28,0.4,768,920,1300,650,260,1,80,2,0,0,0,0,0,0,0,0,0
25,25,36.04,8.04,1.5,0,0,0,0,0,0,0,472,480,4,3,4,3,0,0,0,0,0,0,0,0,0,0,0
25,25,35.76,7.78,1,0,0,0,0,0,0,0,512,560,55,12,0,3,1,4,0,0,0,0,0,0,0,0,0
23,23,33.98,8.04,0.9,447.66,0,0,0,0,30,0.2,488,325,18,3,3,0,0,0,0,0,5,0,1,0,1,0,0
23,23,36.55,8.07,1,138.87,0,0,0,0,20,0.1,480,856,40,100,10,2,4,0,0,0,0,0,0,0,1,0,0
23,23,33,8.04,0.9,534.53,0,0,0,0,20,0.1,1112,1000,650,50,30,1,7,12,0,0,0,0,0,0,0,0,0
26,23,35.66,8.03,1.1,487.15,0,0,0,0,20,0.1,632,704,28,6,4,1,1,5,0,0,0,0,0,0,0,0,0
26,23,36.8,8.02,1.5,610.54,0,0,0,0,20,0.1,527,480,38,20,10,0,10,4,1,0,0,0,1,0,0,0,0
31,24,32,8.04,0.9,957.2,0,0,0,0,18,1.4,296,408,10,5,8,5,4,1,0,0,40,0,0,0,1,0,0
31,23,35.11,8.06,1.1,961.64,0,0,0,0,18,1.4,2001,2001,25,17,260,10,2,40,0,0,0,0,0,0,1,0,0
31,25,34.77,8.06,1.8,964.46,0,0,0,0,18,1.4,536,712,260,50,40,100,10,400,30,0,0,0,0,0,0,0,0
31,25,36.35,8.08,0.9,968.09,0,0,0,0,20,1.1,1048,1256,8,2,1,6,2,200,15,0,0,0,0,0,0,0,0
31,25,37.13,8.06,1.2,920.06,0,0,0,0,20,1.1,1116,1300,60,140,10,2,4,250,10,0,0,0,0,0,0,0,0
28,23,23.32,8.03,1,775.17,0,0,0,0,20,1.6,192,352,7,2,0,0,2,12,0,0,20,0,1,2,0,3,0
28,26,34.92,8.1,1.3,760.51,0,0,0,0,20,1.6,960,1100,18,30,4,100,7,57,1,0,0,0,0,0,0,0,0
28,26,36.02,8.1,2.2,739.89,0,0,0,0,20,1.6,632,720,66,28,16,4,1,20,0,0,0,0,0,0,0,2,0
28,26,36.59,8.1,1.8,716.31,0,0,0,0,20,1.6,327,690,4,3,0,1,0,52,2,0,0,0,0,0,0,0,0
28,26,36.61,8.13,2,683.9,0,0,0,0,20,1.8,640,880,30,40,0,12,3,66,0,0,0,0,0,0,0,0,0
32,23,32.36,7.91,0.6,265,0,0,0,0,20,1,240,200,18,130,0,4,1,40,0,0,5,0,0,3,1,0,0
31,23,36.64,7.96,0.9,265,0,0,0,0,20,1,2001,2001,52,60,25,25,8,80,0,0,0,0,0,0,1,0,0
31,23,36.82,7.99,5,265,0,0,0,0,20,1,2001,2001,390,100,6,30,18,700,15,0,0,0,0,3,0,0,0
31,23,36.93,7.99,1.8,265,0,0,0,0,22,0.6,640,1220,15,5,20,10,1,400,10,0,0,0,0,0,0,0,0
31,23,36.64,8.01,2,265,0,0,0,0,22,0.6,350,450,70,42,2,0,8,300,10,0,0,0,1,0,0,0,0
25,21,28.58,7.99,0.7,0,0,0,0,0,32,0.2,200,240,25,10,0,0,1,0,0,0,0,0,0,0,0,0,0
26,24,35.42,7.98,1.4,0,0,0,0,0,32,0.2,1800,1600,150,25,1,13,3,0,0,0,0,0,0,0,0,0,0
25,23.5,34.62,8,2.5,0,0,0,0,0,32,0.2,880,1120,260,180,30,18,35,7,1,0,0,0,0,0,0,0,0
25,24,36.6,7.97,3,0,0,0,0,0,32,0.2,640,880,15,12,12,12,1,0,0,0,0,0,0,0,0,0,0
24.5,24.5,36.15,8,1,0,0,0,0,0,32,1.5,640,560,100,30,0,0,8,2,0,0,0,0,0,0,0,0,0
27,21,22.89,7.92,0.8,0,0,0,0,0,30,0.3,270,400,3,11,0,1,2,0,0,0,0,0,1,0,0,3,0
27,24.5,36.39,7.94,0.5,0,0,0,0,0,30,0.3,560,720,32,6,5,0,1,0,0,0,0,0,0,0,0,0,0
27,24.5,32.89,7.91,1.5,0,0,0,0,0,30,0.3,280,400,130,45,5,2,4,0,0,0,0,0,0,0,0,0,0
27,24.5,36.7,7.95,1,0,0,0,0,0,30,0.3,440,400,15,6,30,7,1,0,0,0,0,0,0,0,0,0,0
27,24.5,35.36,7.75,1.8,0,0,0,0,0,32,0.7,120,1040,36,5,0,0,3,0,0,0,0,0,0,0,0,0,0
27.2,21.4,29.8,7.94,2,407.72,0,0,0,0,4,1.2,720,1200,50,20,20,2,1,0,0,0,5,0,1,0,1,1,0
26,23.5,35.17,7.93,1.2,444.28,0,0,0,0,4,1.2,400,560,80,100,0,1,1,0,0,0,15,0,0,0,0,0,0
26,24,36.63,7.99,1,459.95,0,0,0,0,4,1.2,1600,1800,85,40,0,10,6,2,0,0,12,10,0,0,0,0,0
26,23,37.38,7.97,1.1,478.22,0,0,0,0,10,0.4,140,200,0,0,0,0,0,2,0,0,0,0,0,0,0,0,0
26.2,23.2,37.5,8,0.8,512.17,0,0,0,0,10,0.4,100,250,70,150,3,10,16,1,0,0,0,0,0,0,0,0,0
31,26,35.92,8.09,0.6,969.01,0,0,0,0,20,1.3,400,960,8,25,0,3,12,2,0,0,150,0,2,3,0,0,0
31,26,36.71,8.1,3,961.35,0,0,0,0,20,1.3,2001,2001,130,35,10,1,8,27,0,0,10,0,0,2,0,0,0
31,27,36.73,8.08,0.8,959.43,0,0,0,0,20,1.3,720,800,65,35,11,35,17,80,8,0,0,3,0,0,0,0,1
31,28,36.78,8.08,0.5,955.6,0,0,0,0,18,1.5,880,1200,2,8,1,0,1,90,7,0,0,0,0,0,0,0,0
31,27,33.4,8.08,1,999.54,0,0,0,0,18,1.5,180,140,11,390,0,3,5,37,3,0,0,0,0,2,0,0,0
38,26,34.29,8.09,0.7,559.59,0,0,0,0,16,1.4,400,400,38,22,0,0,4,4,0,0,100,0,0,3,0,0,1
38,26,31.73,8.09,1.5,586.08,0,0,0,0,16,1.4,2001,2001,27,70,2,7,10,22,0,0,0,0,0,0,0,0,0
38,26,35.71,8.13,0.7,594.92,0,0,0,0,16,1.4,480,560,530,130,1,5,15,150,4,0,0,0,0,3,0,0,2
38,26,36.75,8.11,0.9,603.75,0,0,0,0,16,1.4,560,680,1,1,0,15,0,100,3,0,0,0,0,0,0,0,0
38,26,36.63,8.13,0.7,768.31,0,0,0,0,16,1.4,1783,2001,30,150,9,0,10,80,1,0,0,0,0,0,0,0,0
31,25,30.65,8.04,0.9,278,0,0,0,0,22,1,2001,2001,110,13,0,0,10,8,0,0,4,0,1,0,0,3,0
31,25.5,35.31,8.05,0.9,278,0,0,0,0,22,1,2001,2001,180,80,60,0,80,30,0,0,0,0,0,0,0,2,0
31,25.5,36.02,8.02,12.2,278,0,0,0,0,22,0.8,2001,2001,1300,650,10,0,650,140,2,0,0,0,0,0,0,0,0
31,26,37.01,8.04,2.6,278,0,0,0,0,22,0.8,2001,2001,5,8,0,1,3,73,3,0,0,0,0,0,0,0,0
31,26,37.04,8.08,2.6,278,0,0,0,0,22,0.8,504,872,30,70,6,5,8,70,6,0,0,0,0,0,0,0,0
27,23,30.04,7.98,0.9,0,0,0,0,0,32,0.1,2001,2001,6,25,5,2,2,0,0,0,0,0,0,0,0,0,0
25,24.5,36.27,8.02,0.6,0,0,0,0,0,32,0.1,2001,2001,100,110,0,0,30,0,0,0,0,0,0,0,0,0,0
24.5,23.5,33.13,8,1,0,0,0,0,0,32,0.1,1264,1300,1300,910,8,0,100,5,0,0,0,0,0,0,0,0,0
25.5,25,36.68,8.03,0.9,0,0,0,0,0,32,0.1,2001,2001,12,10,10,1,0,6,0,0,0,0,0,0,0,0,0
24,24.5,36.79,8,0.8,0,0,0,0,0,30,0.2,632,687,40,60,1,2,8,10,0,0,0,0,0,2,0,0,0
25,22,24.94,7.98,0.8,0,0,0,0,0,2,2.4,2001,2001,160,60,13,0,3,0,0,0,0,0,0,0,0,1,0
26,21,25.02,7.95,0.6,0,0,0,0,0,2,2.4,2001,2001,200,80,5,2,12,0,0,0,0,0,0,2,0,0,0
25,22,30.05,7.95,0.7,0,0,0,0,0,2,2.6,440,724,260,520,20,0,28,2,0,1,0,0,1,0,0,0,0
25,24,36.36,7.93,0.8,0,0,0,0,0,2,2.6,476,446,10,6,23,0,1,4,0,0,2,0,0,0,0,0,0
25.5,24,36.38,7.9,0.7,0,0,0,0,0,2,2.6,1760,976,80,45,3,0,10,9,0,0,0,0,0,0,0,0,0
24.2,18.8,22.07,7.94,0.9,426.78,0,0,0,0,0,0,2001,1248,80,30,5,0,8,0,0,0,0,0,2,0,1,1,0
24.9,23.2,33.19,7.97,0.9,457.6,0,0,0,0,0,0,552,728,180,66,4,2,13,0,0,0,10,0,1,0,0,0,0
25,21.6,24.2,7.97,1,470.44,0,0,0,0,0,0,536,296,160,130,4,1,18,3,0,0,15,20,0,0,0,0,0
24.8,24.2,36.47,7.96,0.8,488.42,0,0,0,0,8,0.1,416,436,0,1,0,1,0,1,0,0,0,0,0,0,0,0,0
24.9,24.2,37.31,7.97,0.8,516.67,0,0,0,0,8,0.1,52,136,4,30,2,3,4,4,0,0,0,0,0,0,0,0,0
29,24,35.69,8.01,0.9,801.65,0,0,0,0,20,1.3,208,312,15,9,4,0,5,4,0,0,150,0,2,3,0,0,0
29,25,35.36,8.02,1.2,787.42,0,0,0,0,20,1.3,312,824,60,55,2,2,18,18,0,0,0,0,0,0,0,0,0
29,25,35.96,8.03,1.2,782.67,0,0,0,0,20,1.3,768,424,180,650,18,0,50,90,4,0,0,0,0,0,0,0,0
30,26,34.92,8.02,0.7,773.18,0,0,0,0,16,1.4,272,456,5,200,0,0,7,95,6,0,0,0,0,0,0,0,0
30,26,32.99,8.02,0.8,758.95,0,0,0,0,16,1.4,2001,2001,80,420,2,0,16,36,3,0,0,0,0,0,0,0,0
29,25.5,29.49,8.05,0.7,733.2,0,0,0,0,18,1.7,408,664,130,20,8,0,10,5,0,0,37,0,1,2,0,3,0
29,27,31.46,8.11,0.6,718.97,0,0,0,0,18,1.7,312,528,1,8,0,3,12,44,3,0,0,0,0,0,0,0,0
29,27,35.82,8.07,1.2,707.22,0,0,0,0,18,1.7,744,1760,13,100,0,4,10,11,0,0,0,0,0,0,0,0,0
33,27.5,26.27,8.08,0.9,695.46,0,0,0,0,16,1.6,896,1144,2,55,100,0,8,35,1,0,0,0,0,0,0,0,0
33,27.5,28.02,8.1,0.7,663.13,0,0,0,0,16,1.6,224,600,7,35,0,4,0,30,0,0,0,0,0,0,0,0,0
32,24,33.8,7.94,0.7,253,0,0,0,0,22,1,480,460,18,15,0,0,2,21,0,0,0,0,0,0,1,0,0
32,26,36.27,8.02,0.9,253,0,0,0,0,22,0.7,640,720,25,80,10,0,10,67,0,0,0,0,0,0,1,0,0
32,26,37.04,8,0.9,253,0,0,0,0,22,0.7,400,480,1300,230,0,0,10,500,30,0,0,0,0,0,0,0,0
33,26,35.51,8.08,1,253,0,0,0,0,22,1,240,360,9,10,26,3,4,250,10,0,0,0,0,0,0,0,0
33,26,35.64,8.02,1.1,253,0,0,0,0,22,1,260,320,35,50,4,0,6,350,8,0,0,0,0,1,0,0,0
25,22,30.51,8.02,1.1,0,0,0,0,0,32,0.3,120,140,26,32,0,7,10,0,0,0,0,0,0,0,0,0,0
24,25,36.09,8.03,1.2,0,0,0,0,0,32,0.3,400,400,15,26,0,0,8,0,0,0,0,0,0,0,0,0,0
22,25,36.01,8.05,1.2,0,0,0,0,0,32,0.3,250,480,390,650,60,0,10,2,0,0,0,0,0,0,0,0,0
24,24.5,35.85,8.05,0.7,0,0,0,0,0,30,0.4,560,420,10,7,10,3,1,2,0,0,0,0,0,0,0,0,0
23,24.5,36.59,8.01,0.7,0,0,0,0,0,30,0.4,120,320,80,42,3,0,5,1,0,0,0,0,0,0,0,0,0
26.3,21,24.3,8.01,0.8,0,0,0,0,0,2,1.9,140,240,60,20,0,0,3,0,0,0,1,0,1,0,0,1,0
26,24.5,33.92,8.01,0.9,0,0,0,0,0,2,1.9,180,210,4,6,4,0,5,0,0,0,0,0,1,0,0,0,0
26,25,35.79,8.02,0.85,0,0,0,0,0,2,1.9,72,160,28,20,0,3,3,0,0,0,0,0,1,0,0,0,0
25,25,36.68,8.02,1,0,0,0,0,0,2,1.5,120,160,1,5,3,2,1,4,0,0,0,0,1,0,0,0,0
24.5,25,36.57,8,1,0,0,0,0,0,2,1.5,80,100,50,60,2,3,4,6,0,0,0,0,1,0,0,0,0
24.8,21.8,31.03,8.01,1,437.3,0,0,0,0,2,1.3,160,280,40,25,2,2,3,0,0,0,10,0,1,0,1,1,0
23.3,24,36.61,7.98,1.1,472.42,0,0,0,0,2,1.3,80,120,30,25,20,3,1,0,0,0,0,0,0,0,0,1,0
23.4,24.1,36.42,8.01,1,486.47,0,0,0,0,2,1.3,160,144,25,18,8,0,5,3,0,0,0,15,1,0,0,0,0
22.8,24.1,36.71,8.01,1.2,502.86,0,0,0,0,2,1.2,80,100,14,4,0,1,4,1,0,0,25,0,0,0,0,0,0
22.9,24,35.57,8.04,1.2,530.97,0,0,0,0,2,1.2,200,210,6,70,1,9,8,0,0,0,0,0,0,0,0,0,0
31,25,37.13,8.03,1,963.4,0,0,0,0,18,1.5,280,400,13,13,0,2,13,1,0,0,100,0,2,3,2,0,0
30,25,35.69,8.05,1.1,969.44,0,0,0,0,16,1.3,960,1200,5,10,0,2,15,25,0,0,0,0,0,0,0,0,0
30,25,35.98,8.07,1,967.43,0,0,0,0,16,1.3,640,600,50,30,2,0,0,300,10,0,0,0,0,0,1,0,0
30,25,36.81,8.03,1.1,973.47,0,0,0,0,16,1.3,480,560,1,6,15,2,2,200,15,0,0,0,0,0,0,0,0
30,25,35.26,8.02,1,900.86,0,0,0,0,16,1.3,60,72,3,90,0,1,7,250,10,0,0,0,0,0,0,0,0
35,26,35.27,8.09,1,623.44,0,0,0,0,16,1.7,144,130,15,23,3,5,8,13,0,0,0,0,2,0,0,0,0
35,26,34.37,8.09,1,697.16,0,0,0,0,20,1.7,160,304,2,15,0,10,2,23,0,0,0,0,1,0,0,0,0
35,27,35.61,8.08,0.9,667.67,0,0,0,0,20,1.7,280,320,5,7,7,0,30,150,4,0,0,0,0,0,0,0,0
35,27,35.38,8.08,1,717.8,0,0,0,0,20,1.7,100,210,0,3,5,0,3,150,2,0,0,0,0,0,0,0,0
35,27,35.05,8.08,1.1,759.9,0,0,0,0,20,1.7,2001,2001,624,49,0,0,3,100,0,0,0,0,0,0,0,0,0
32,25,26.29,7.79,0.8,217,0,0,0,0,20,1.3,1940,2001,910,10,2,0,3,20,0,1,0,0,1,0,0,4,0
32,27,28.5,7.78,,217,0,0,0,0,20,1.3,2001,2001,200,37,3,10,10,35,0,0,0,0,0,0,0,2,0
32,27,36.45,7.87,6.5,217,0,0,0,0,26,0.2,1800,720,25,126,7,0,35,150,4,0,0,0,0,0,0,0,0
32,27,36.64,7.88,1.3,217,0,0,0,0,26,0.2,1200,2001,12,36,3,1,4,78,2,0,0,0,0,0,0,0,0
32,27,36.48,7.88,1.7,217,0,0,0,0,26,0.2,160,480,13,23,0,0,2,66,1,0,0,0,0,0,0,0,0
24,23,32.17,7.91,0.6,0,0,0,0,0,0,0,480,640,1534,29,12,2,3,0,0,0,0,0,0,0,0,0,0
24,23.5,32.4,7.86,1.3,0,0,0,0,0,0,0,1440,1440,37,36,1,0,5,0,0,0,0,0,0,0,0,0,0
24,23.5,29.01,7.88,1.1,0,0,0,0,0,0,0,2001,2001,1170,715,10,0,65,5,0,1,0,0,0,0,0,0,0
24,26,36.56,7.96,0.7,0,0,0,0,0,4,0.8,2001,640,29,6,8,1,1,2,0,0,0,0,0,0,0,0,0
24,25.5,36.53,7.92,0.8,0,0,0,0,0,4,0.8,320,400,50,23,4,2,2,6,0,0,0,0,0,0,0,0,0
27,20,22.94,7.92,0.5,0,0,0,0,0,2,0.4,240,640,1080,10,3,2,3,0,0,0,0,0,0,0,0,1,0
26,24,35.16,7.9,1.1,0,0,0,0,0,2,0.4,540,800,1430,26,5,2,3,0,0,0,0,0,1,0,0,0,0
25,23,28.2,7.92,0.7,0,0,0,0,0,0,0,720,640,1560,22,15,1,6,5,0,0,0,0,1,0,0,0,0
24,25,35.55,7.7,0.9,0,0,0,0,0,0,0,160,520,64,3,10,0,0,6,0,0,0,0,1,0,0,0,0
24,25,36.84,7.86,0.8,0,0,0,0,0,0,0,400,490,650,25,14,1,4,0,0,0,0,0,1,0,0,0,0
25.3,20.5,23.14,7.87,0.4,404.44,0,0,0,0,32,1.2,2001,2001,480,14,3,0,5,0,0,0,12,0,2,0,1,1,0
24,25,33.75,7.9,0.5,433.09,0,0,0,0,32,1.2,600,450,533,38,34,0,5,0,0,0,5,0,0,0,0,0,0
24.1,25.2,30.32,7.91,0.4,456.54,0,0,0,0,32,1.2,610,520,66,21,0,0,21,4,0,0,10,0,0,0,0,0,0
24,25.6,35.36,7.95,0.7,474.77,0,0,0,0,2,0.4,108,160,40,8,5,2,0,0,0,0,0,0,0,0,0,0,0
24,25.8,36.49,7.95,0.4,513.85,0,0,0,0,2,0.4,160,100,2,29,0,2,4,3,0,0,10,0,0,0,0,0,0
30,26,35.61,7.98,0.6,888.51,0,0,0,0,16,1.6,320,400,3,5,5,6,2,0,0,0,250,0,2,3,0,0,0
30,27,36.22,7.94,0.7,893.75,0,0,0,0,16,1.6,640,960,70,25,0,0,2,2,0,0,1,0,0,2,0,0,0
30,28,36.52,7.92,2.6,688.35,0,0,0,0,16,1.6,360,1120,520,140,6,0,48,79,12,0,0,0,0,2,0,0,1
30,27,35.46,7.94,1.5,659.84,0,0,0,0,20,1.4,560,1440,116,13,23,1,1,172,17,0,0,0,0,0,0,0,0
30,27,35.84,7.92,1.3,621.82,0,0,0,0,20,1.4,2001,2001,54,150,0,0,14,146,9,0,0,0,0,0,0,0,0
31,25,25.3,7.94,0.7,593.36,0,0,0,0,16,1.6,320,640,351,16,30,0,7,1,0,0,80,0,1,2,0,3,0
31,27,33.45,7.94,0.9,549.19,0,0,0,0,16,1.6,640,1480,520,140,2,0,15,45,2,0,0,0,0,2,0,0,0
31,27,34.47,7.92,2.4,519.75,0,0,0,0,30,0.3,2001,560,1300,377,1,0,400,27,0,0,0,0,0,2,0,0,0
31,27,35.2,7.91,1.1,490.31,0,0,0,0,30,0.3,560,400,10,5,8,0,9,46,1,0,0,0,0,0,0,0,0
31,27,,,,408.69,0,0,0,0,30,0.3,1070,320,4,20,4,1,4,50,2,0,0,0,0,0,0,0,0
33,27,35.49,7.91,0.9,282,0,0,0,0,8,0.6,2001,2001,2000,3,10,0,4,3,0,2,150,0,2,3,0,0,0
34,27,36.36,7.96,0.9,282,0,0,0,0,8,0.6,2001,1480,10,3,2,3,2,6,0,0,0,5,0,0,0,0,0
34,28,36.5,7.97,2,282,0,0,0,0,8,0.6,2001,2001,1690,280,2,0,1500,200,18,0,0,0,0,2,0,0,0
34,26,36.7,7.95,1.4,282,0,0,0,0,8,0.6,2001,2001,25,8,0,0,0,97,6,0,0,0,0,0,0,0,0
34,27,36.75,7.94,2.9,282,0,0,0,0,16,0.8,720,720,260,55,7,0,46,112,3,0,0,0,0,0,0,0,0
23.5,23,30.73,7.92,0.8,0,0,0,0,0,4,1.1,1900,480,1430,13,13,5,13,0,0,0,0,0,0,0,0,0,0
24,25,33.61,7.94,0.9,0,0,0,0,0,4,1.1,2001,2001,12,6,2,0,3,1,0,0,0,0,0,0,0,0,0
23,26,36.48,7.97,2.8,0,0,0,0,0,4,1.1,1760,880,70,90,5,0,29,1,0,0,0,0,0,0,0,0,0
23.5,25,36.82,7.96,1.4,0,0,0,0,0,2,1.2,2001,2001,10,7,10,1,0,2,0,0,0,0,0,0,0,0,0
23,25,36.91,7.94,1.3,0,0,0,0,0,2,1.2,768,400,100,40,4,12,4,3,0,0,0,0,0,0,0,0,0
25,22,22.49,7.91,0.7,0,0,0,0,0,2,1.1,992,480,1170,15,3,3,4,6,0,0,0,0,0,0,0,0,0
23,23,30.4,7.9,0.6,0,0,0,0,0,2,1.1,640,240,60,20,12,2,1,0,0,0,0,0,1,0,0,0,0
22,23,29.33,7.93,1,0,0,0,0,0,2,1.1,1150,640,40,15,4,4,5,0,0,0,0,0,1,0,0,0,0
23,25,35.6,7.92,0.8,0,0,0,0,0,2,1.4,768,240,5,1,7,7,0,0,0,0,0,0,1,0,0,0,0
23,25,36.57,7.92,0.9,0,0,0,0,0,2,1.4,1760,560,65,22,12,12,8,0,0,0,0,0,1,0,0,0,0
24.9,19,19.6,7.96,0.8,244.79,0,0,0,0,2,1.3,1024,880,12,18,20,20,12,0,0,0,25,0,2,0,1,1,0
25.2,24.4,35.14,8,1.1,285.32,0,0,0,0,2,1.3,1280,640,20,50,0,0,10,0,0,0,10,0,0,0,0,0,0
25.3,26,35,8.03,0.8,305.58,0,0,0,0,2,1.3,784,260,15,5,0,0,14,3,0,0,15,0,0,0,0,0,0
24.8,26,36.21,8.03,0.7,320.06,0,0,0,0,4,0.5,736,168,4,11,6,6,1,6,0,0,3,0,0,0,0,0,0
24.8,26,36.47,8.05,1.1,360.59,0,0,0,0,4,0.5,1248,450,4,10,0,0,3,3,0,0,0,0,0,0,0,0,0
31,27,34.79,8.07,0.6,525.51,0,0,0,0,20,1.5,1760,2001,3,2,2,10,4,2,0,0,130,10,2,2,0,0,0
31,27,36.03,8.09,1.3,604.2,0,0,0,0,20,1.5,2001,2001,22,50,3,5,5,4,0,0,0,20,0,0,0,0,0
31,27,36.74,8.06,7,630.13,0,0,0,0,20,1.5,2001,1560,650,130,1,12,520,86,5,0,0,0,0,0,0,0,0
31,27,36.78,8.06,1.8,656.07,0,0,0,0,20,1.5,1184,720,2,3,10,23,1,94,4,0,0,0,0,0,0,0,0
31,27,36.46,8.05,2.9,682.01,0,0,0,0,18,1.3,288,80,0,80,0,3,2,117,5,0,0,0,0,2,0,0,0
34,26,36.07,8.03,1.7,289.75,0,0,0,0,22,2.2,256,128,8,8,0,0,4,3,0,0,50,0,2,0,1,0,0
34,26,36.62,8.05,1.1,266.65,0,0,0,0,22,1.9,2001,1200,7,6,0,0,4,20,0,0,0,10,0,0,1,0,0
34,26,36.26,8.04,2.9,275.89,0,0,0,0,22,1.9,1280,560,15,18,0,0,24,150,5,0,0,0,0,1,0,0,1
35,27,36.39,8.05,0.9,257.41,0,0,0,0,22,1.9,2001,880,5,0,1,2,4,100,3,0,0,0,0,2,0,0,0
35,27,36.36,8,1.7,829.42,0,0,0,0,22,1.9,2001,2001,25,30,30,0,6,150,0,0,0,0,0,0,0,0,0
27,26,31.25,7.95,0.65,262,0,0,0,0,30,2.3,2001,2001,3,3,0,1,1,2,0,0,7,0,1,2,0,3,0
27,26,37.58,7.98,0.33,262,0,0,0,0,30,2.3,2001,2001,25,5,0,1,1,11,0,0,0,0,0,0,0,1,0
27,26,37.5,7.98,0.44,262,0,0,0,0,30,2.3,240,1496,80,22,4,0,45,35,0,0,0,0,0,0,0,0,0
27,26,37.09,7.95,0.83,262,0,0,0,0,30,2.8,2001,2001,0,0,2,1,0,26,0,0,0,0,0,0,0,0,0
27,26,37.31,7.99,0.65,262,0,0,0,0,30,2.8,560,512,23,50,7,10,4,43,0,0,0,0,0,0,0,0,0
23,21.5,31.59,7.88,0.64,0,0,0,0,0,32,1.2,704,608,5,15,0,4,0,0,0,0,0,0,1,0,0,0,0
22,23,37.55,7.91,0.48,0,0,0,0,0,32,1.2,1136,956,17,8,0,0,19,0,0,0,0,0,0,0,0,0,0
23,23,37.76,7.96,7.2,0,0,0,0,0,32,1.2,352,560,32,20,0,0,8,5,0,0,0,0,0,0,0,0,0
24,23,37.92,7.93,0.77,0,0,0,0,0,32,0.6,640,688,0,4,0,10,1,0,0,0,0,0,0,0,0,0,0
24.5,23,37.56,7.97,0.42,0,0,0,0,0,32,0.6,528,614,78,60,2,10,4,0,0,0,0,0,0,0,0,0,0
24,21,30.31,7.93,0.79,0,0,0,0,0,2,0.3,368,160,12,11,0,0,3,0,0,0,1,0,2,0,1,0,0
24,23,37.09,7.95,0.89,0,0,0,0,0,2,0.4,370,573,12,6,8,1,3,0,0,0,0,0,0,0,1,0,0
24,23,36.87,7.92,2.8,0,0,0,0,0,2,0.4,470,288,560,80,10,0,14,0,0,0,0,0,1,0,0,0,0
24,22,37.71,7.93,0.63,0,0,0,0,0,2,0.4,320,352,0,1,6,0,0,3,0,0,0,0,0,0,0,0,0
24,23,37.56,7.94,0.94,0,0,0,0,0,2,0.4,184,416,60,28,3,2,8,0,0,0,0,0,0,0,0,0,0
25.1,21.2,31.25,7.99,0.6,39.72,0,0,0,0,2,0.7,376,897,39,13,10,3,9,0,0,0,15,0,2,0,1,1,0
24.9,24,36.89,8,0.49,104.87,0,0,0,0,2,0.7,328,978,77,70,30,5,11,0,0,0,15,30,1,0,0,0,0
24.5,23.9,36.54,7.97,1.6,137.45,0,0,0,0,2,0.7,228,770,52,10,3,1,5,1,0,0,25,10,1,0,0,0,1
24.5,23.8,37.25,8.01,0.57,180.89,0,0,0,0,8,0.5,352,364,12,6,5,1,2,0,0,0,0,0,0,0,0,0,0
23.8,23.2,37.51,8.01,0.99,235.19,0,0,0,0,8,0.5,1300,316,4,25,0,50,3,3,0,0,0,0,1,0,0,0,0
25,26,36.64,8.02,0.78,782.44,0,0,0,0,16,1.5,304,193,0,1,8,1,2,0,0,0,140,0,2,3,0,0,0
27,26,37.39,8.04,0.5,782.08,0,0,0,0,16,1.5,736,504,38,36,6,2,6,5,0,0,0,0,0,0,0,0,0
27,26,37.44,8.01,1.44,781.72,0,0,0,0,16,1.5,1360,720,36,20,1,0,6,157,9,0,0,0,0,2,0,0,1
25,26,37.21,8.01,0.62,781.36,0,0,0,0,16,1.5,496,924,5,5,0,15,0,112,7,0,0,0,0,0,0,0,0
25,26,37.31,8.01,0.5,645.42,0,0,0,0,16,1.5,2001,2001,72,390,130,0,4,126,11,0,0,0,0,0,0,0,0
29,25,27.36,8.01,0.8,554.5,0,0,0,0,22,1.9,736,608,6,12,8,4,1,8,0,0,0,0,1,3,0,2,0
29,27,35.63,8.03,0.8,723.96,0,0,0,0,22,1.9,736,1108,3,7,0,0,0,49,0,0,0,0,0,0,0,0,1
29,27,36.39,8.05,0.58,709.71,0,0,0,0,22,1.9,2001,832,40,26,3,0,37,19,0,0,0,0,0,2,0,1,0
29,27,35.71,8.02,5.2,681.2,0,0,0,0,22,1.9,2001,2001,0,3,0,4,1,39,0,0,0,0,0,2,0,0,0
29,27,35.52,8.03,1.7,664.1,0,0,0,0,16,1.9,640,1120,7,15,8,22,4,45,0,0,0,0,0,2,0,0,0
31,27,35.11,7.84,1.53,311,0,0,0,0,16,2.6,1824,848,40,16,4,12,2,30,0,0,1,0,0,3,1,0,0
32,27,36.67,7.85,0.86,311,0,0,0,0,16,2.6,2001,2001,7,4,8,8,2,70,0,0,0,0,0,0,1,0,0
31,27,36.8,7.88,2,311,0,0,0,0,16,0.5,1232,836,650,58,5,56,8,600,70,0,0,0,0,0,0,0,0
30,27,36.93,7.88,2.6,311,0,0,0,0,16,0.5,2001,2001,2,0,8,18,0,500,50,0,0,0,0,0,0,0,0
30,27,36.77,7.9,1.5,311,0,0,0,0,16,0.5,416,624,26,15,10,20,3,550,50,0,0,0,0,0,0,0,0
23,24,32.47,7.92,0.94,0,0,0,0,0,2,1.6,1105,572,4,5,1,17,0,0,0,0,0,0,0,0,0,0,0
22.5,25,35.29,7.94,0.7,0,0,0,0,0,2,1.6,2001,932,30,18,38,19,4,0,0,0,0,0,0,0,0,0,0
22,24.5,34.92,7.94,2.2,0,0,0,0,0,2,1.6,2001,2001,1820,416,60,310,27,6,0,1,0,0,0,0,0,0,0
21.5,25,37.16,7.95,0.9,0,0,0,0,0,2,1.6,2001,720,7,1,4,17,1,7,0,0,0,0,0,0,0,0,0
23,25,37.08,7.94,0.8,0,0,0,0,0,2,1.7,2001,1680,65,20,10,4,4,5,0,0,0,0,0,0,0,0,0
23.5,21,23.19,7.9,0.8,0,0,0,0,0,32,0.3,2001,1300,56,19,2,30,5,3,0,0,0,0,1,0,0,3,0
23.5,25,34.54,7.95,0.76,0,0,0,0,0,32,0.3,1536,812,35,37,3,21,4,15,0,2,0,0,0,0,0,0,0
23.5,25,34.21,7.96,1.2,0,0,0,0,0,32,0.3,1248,764,64,29,5,25,12,0,0,0,0,0,0,0,0,0,0
23.5,25,37.24,7.97,0.9,0,0,0,0,0,32,0.6,2001,2001,21,2,50,43,0,3,0,0,0,0,0,0,0,0,0
23.5,25,33.84,7.93,0.5,0,0,0,0,0,32,0.6,1008,306,150,25,30,28,20,10,0,0,0,0,1,0,0,0,0
23.8,20,21.78,7.91,1,300.94,0,0,0,0,2,0.8,288,560,74,5,6,20,2,0,0,0,0,0,0,0,0,0,0
23.1,25.2,35.72,7.93,0.79,331,0,0,0,0,2,0.8,280,476,11,20,0,7,4,0,0,0,0,0,0,0,0,0,0
22.8,25.5,36.65,7.99,0.64,343.03,0,0,0,0,2,0.8,512,800,1326,90,10,14,4,0,0,0,20,30,0,0,0,0,0
22.2,25.5,36.37,7.99,0.68,361.07,0,0,0,0,2,0.8,100,112,6,3,6,3,0,0,0,0,10,0,0,0,0,0,0
21.8,25.2,37.02,8.02,0.38,411.75,0,0,0,0,2,0.8,490,352,4,15,12,11,1,0,0,0,35,5,0,0,0,0,0
29,27,35.56,8.02,0.67,936.67,0,0,0,0,16,1.4,1120,320,25,220,1,17,2,1,0,1,32,30,2,3,0,0,0
29,27,36.86,8.02,1.8,938.65,0,0,0,0,16,1.4,2001,688,11,25,10,64,15,15,0,0,0,0,0,0,0,0,0
29,28,37.46,8.01,7.5,939.64,0,0,0,0,16,1.4,656,397,196,41,15,90,40,115,17,0,0,0,0,0,0,0,1
28,27,37.31,8.02,2.1,940.63,0,0,0,0,16,1.4,2001,2001,5,19,0,140,1,108,9,0,0,0,0,0,0,0,1
28,27,37.32,8.03,1.3,941.61,0,0,0,0,16,1.4,240,231,3,22,20,12,4,96,11,0,0,0,0,0,0,0,0
31,25,34.77,8.03,1.3,648.68,0,0,0,0,20,1.9,176,168,0,5,10,13,1,15,0,0,40,0,0,3,2,0,0
31,25,37.15,8,2.2,751.9,0,0,0,0,20,2.2,784,560,9,13,0,30,2,20,0,0,0,0,0,0,1,0,0
31,25,37.56,8.02,2.5,737.16,0,0,0,0,20,2.2,698,176,37,11,8,40,6,300,10,0,0,0,0,0,0,0,0
32,26,37.79,8.04,3.2,753.39,0,0,0,0,20,2.2,880,424,0,6,1,22,1,250,3,0,0,0,0,0,0,0,0
32,26,38.34,8.04,1.7,663.43,0,0,0,0,20,2.2,2001,2001,127,53,2,72,4,300,2,0,0,0,0,0,0,0,0
28,26,33.57,7.74,2.5,315,0,0,0,0,20,1.3,2001,2001,56,8,4,120,2,23,0,0,0,0,1,2,0,3,0
28,27,38.06,7.82,2.2,315,0,0,0,0,20,0.8,2001,2001,2340,37,0,390,4,39,2,0,0,0,0,0,0,1,0
28,27,38.15,7.8,3.5,315,0,0,0,0,20,0.8,2001,2001,2080,148,5,280,21,160,5,0,0,0,0,0,0,0,0
28,27.5,37.54,7.77,3.2,315,0,0,0,0,20,0.8,2001,2001,7,3,0,22,0,87,4,0,0,0,0,0,0,0,0
28,27.5,37.38,7.83,0.8,315,0,0,0,0,20,0.8,1736,2001,1040,198,19,17,4,140,3,0,0,0,0,0,0,0,0
24.5,25,34.6,7.8,1.1,0,0,0,0,0,32,0.2,736,544,35,3,0,5,1,0,0,0,0,0,0,0,0,0,0
23,26,37.35,7.8,0.55,0,0,0,0,0,32,0.2,2001,832,84,17,3,16,5,2,0,0,0,0,0,0,0,0,0
24,25.5,35.54,7.79,1.8,0,0,0,0,0,32,0.2,2001,2001,1248,312,2,138,140,2,0,0,0,0,0,0,0,0,0
23,26,37.58,7.8,0.9,0,0,0,0,0,32,0.2,976,1504,3,0,0,4,1,5,0,0,0,0,0,0,0,0,0
24,26.5,37.24,7.81,0.85,0,0,0,0,0,32,0.2,736,240,138,30,20,32,1,8,0,0,0,0,0,0,0,0,0
22,22,28.55,7.53,1,0,0,0,0,0,2,2.3,304,832,4,1,0,2,1,0,0,0,0,0,1,0,0,1,0
22,26,37.7,7.77,0.8,0,0,0,0,0,2,2.3,832,704,10,9,0,10,0,0,0,0,0,0,1,0,0,0,0
21,26,37.31,7.7,1.2,0,0,0,0,0,2,2.3,288,672,624,40,0,12,10,0,0,0,0,0,1,0,0,0,0
21,26,37.3,7.78,1.5,0,0,0,0,0,4,1.1,416,800,2,0,0,2,0,0,0,0,0,0,1,0,0,0,0
21,26,37.6,7.74,1.4,0,0,0,0,0,4,1.1,512,400,290,32,6,34,5,3,0,0,0,0,1,0,0,0,0
23,20,25.77,7.76,0.6,407.81,0,0,0,0,2,1.5,656,576,403,30,12,18,7,0,0,0,20,5,2,0,0,1,0
22.8,21.5,25.07,7.74,0.5,444.71,0,0,0,0,2,1.5,480,590,176,53,10,22,12,0,0,0,20,1,0,0,0,0,0
22,21,25.81,7.74,0.9,460.53,0,0,0,0,2,1.5,627,304,130,24,20,64,17,4,0,0,5,40,0,0,0,0,0
23.1,26,37.52,7.79,0.7,486.89,0,0,0,0,2,1,336,448,10,1,0,1,0,0,0,0,0,0,0,0,0,0,0
22.9,25,37.53,7.76,0.75,515.89,0,0,0,0,2,1,240,960,1690,310,8,48,78,2,0,0,0,0,0,0,0,0,0
31,27,36.87,7.8,1.1,954.93,0,0,0,0,16,1.9,120,272,9,6,0,10,5,0,0,0,180,20,2,4,0,0,0
31,27,37.38,7.87,1,963.66,0,0,0,0,16,1.6,250,736,52,124,15,46,5,12,0,0,0,2,0,0,0,0,0
31,27,37.43,7.83,1.4,965.84,0,0,0,0,16,1.6,240,832,1456,314,4,38,44,96,5,0,0,0,0,2,0,0,1
30,27,36.8,7.87,0.8,968.02,0,0,0,0,16,1.6,180,620,8,8,40,32,2,54,3,0,0,0,0,0,0,0,0
30,27,36.53,7.85,0.9,972.38,0,0,0,0,16,1.6,80,310,559,168,2,38,11,68,4,0,0,0,0,0,0,0,0
35,27,32.49,7.81,1,87,0,0,0,0,20,2.1,80,144,18,13,0,5,19,4,0,0,250,0,2,3,2,0,0
35,27,35.25,7.79,0.95,229,0,0,0,0,20,2.1,320,704,40,3,0,27,2,29,0,0,0,0,0,0,1,0,0
35,27,34.28,7.81,1.1,651,0,0,0,0,20,1.9,280,1440,416,80,2,29,13,200,7,0,0,0,1,0,0,0,0
35,27,37.25,7.84,1.2,635,0,0,0,0,20,1.9,80,340,54,0,30,37,0,150,0,0,0,0,0,0,0,0,0
35,27,37.21,7.87,1.2,603,0,0,0,0,20,1.9,2001,2001,1680,96,1950,120,5,100,2,0,0,0,0,0,0,0,0
30,27,32.56,7.86,3.5,143,0,0,0,0,22,1.6,2001,2001,8,4,559,14,1,16,0,0,0,0,1,2,0,3,0
30,27.5,36.87,8.1,2.8,88,0,0,0,0,22,1.6,2001,2001,15,21,1600,65,17,39,0,0,0,0,0,2,0,1,0
30,27.5,37.43,8.12,5.8,59,0,0,0,0,22,1.6,2001,2001,52,7,286,80,15,84,2,0,0,0,0,0,0,0,0
30,27.5,37.6,8.1,5.5,33,0,0,0,0,24,1.3,2001,2001,5,7,120,40,0,42,1,0,0,0,0,0,0,0,0
30,27.5,37.36,8.14,3.8,13,0,0,0,0,24,1.3,389,1403,70,31,15,13,4,53,3,0,0,0,0,0,0,0,0
24,24,31.63,8.01,1.9,0,0,0,0,0,32,1.6,2001,2001,25,0,12,22,5,0,0,0,0,0,0,0,0,0,0
23,25,35.86,8,1.5,0,0,0,0,0,32,1.6,1700,2001,36,19,4,14,7,0,0,0,0,0,0,0,0,0,0
25,25,33.88,8.01,2.2,0,0,0,0,0,32,1.6,448,1012,650,260,8,90,258,2,0,0,0,0,0,0,0,0,0
23,26,37.14,8.04,1.3,0,0,0,0,0,32,1.6,480,518,9,4,15,17,0,3,0,0,0,0,0,0,0,0,0
25,26,37,8.04,1.1,0,0,0,0,0,2,1.1,800,880,3500,2001,130,0,160,5,0,0,0,0,0,0,0,0,0
17.2,16.1,20.75,7.71,3.3,211,0.1,40.6,40.7,40.7,16,0.4,432,210,1950,650,30,0,40,0,0,0,0,0,0,0,0,0,0
17.2,16.8,30.43,7.98,2,384,0,40.6,40.7,40.7,16,0.4,640,700,1300,780,32,0,180,0,0,0,0,0,0,0,0,0,0
17.2,16.8,30.96,7.99,8.8,187,0.2,40.6,40.7,40.7,16,0.2,400,650,1300,400,35,0,60,0,0,0,0,0,0,0,0,0,0
17.3,16.9,30.12,7.98,8,390,0,40.6,40.7,40.7,16,0.2,480,400,910,520,75,0,40,0,0,0,0,0,0,0,0,0,0
17.3,16.9,30.19,7.98,11.7,285,0,40.6,40.7,40.7,16,0.2,420,270,780,240,25,15,50,0,0,0,0,0,0,0,0,0,0
18,16,27.8,7.96,0.7,770,0,44.6,45,45,14,0.1,200,240,650,90,10,0,26,0,0,0,0,0,1,0,0,0,2
18,15,32.6,8.07,0.6,840,0,44.6,45,45,14,0.1,256,640,1040,390,60,0,20,0,0,0,0,0,1,0,1,0,2
18,17,31.2,8.05,1.6,687,0,44.6,45,45,12,0.6,1600,2001,3500,3000,100,80,16,0,0,0,15,0,1,0,0,0,2
20,18,32.3,8.08,6.5,920,0,44.6,45,45,12,0.6,104,840,160,124,18,20,24,0,0,0,0,0,0,0,0,0,2
20,18,32.6,8.08,5.7,690,0,44.6,45,45,12,0.6,480,720,1040,1040,130,0,25,0,0,0,0,0,0,0,0,0,2
18,18,21.01,7.84,2.2,642,0,44.6,45,45,16,1.7,400,240,390,120,45,0,40,0,0,0,0,0,0,0,0,0,0
18,17.5,26.57,7.95,3.4,690,0,44.6,45,45,16,1.7,360,400,650,260,180,3,60,0,0,0,0,0,0,0,0,0,0
18,18,26.67,7.97,12.1,705,0,44.6,45,45,16,1.7,280,240,520,240,100,0,30,0,0,0,0,0,0,0,0,0,0
18,18,29.46,7.98,5.4,769,0,44.6,45,45,16,1.4,120,320,390,160,100,0,15,0,0,0,0,0,0,0,0,0,0
18,18,31.71,8.03,5.7,650,0,44.6,45,45,16,1.4,120,100,1040,760,34,0,150,0,0,0,0,0,0,0,0,0,0
19,15,18.39,7.68,2.3,40,0,44.6,45,45,6,0.2,120,160,1300,620,35,4,60,0,0,0,0,0,0,0,0,3,0
19.5,16,18.3,7.66,4.4,1,0.1,44.6,45,45,6,0.2,160,280,520,220,42,6,16,0,0,0,0,0,0,0,0,0,0
19.5,17,30.49,7.96,1.6,1,0,44.6,45,45,6,0.2,210,240,100,160,50,4,18,0,0,2,0,0,0,0,0,0,0
19.5,17.5,32.02,8.01,0.6,1,0.2,44.6,45,45,6,0.5,120,400,60,200,100,0,6,0,0,1,0,0,0,0,0,0,0
19.5,17.5,32.89,8.02,1,1,0,44.6,45,45,6,0.5,560,400,780,128,30,2,30,0,1,1,0,0,0,0,0,0,0
20,15,19.59,7.77,2.1,0,0,44.4,45,45,4,0.8,30,160,40,24,6,0,10,0,0,0,0,0,0,0,0,0,0
18,17,33.44,8.02,1.4,0,0,44.4,45,45,4,0.8,100,260,46,30,10,0,6,0,0,0,0,0,0,0,0,0,0
18,17,33.55,8.04,5.4,0,0,44.4,45,45,4,0.8,2001,2001,2000,124,45,16,8,0,0,0,0,0,0,0,0,0,0
18,17,29.74,7.96,0.6,0,0,44.4,45,45,8,0.6,260,240,80,80,50,0,14,0,0,0,0,0,0,0,0,0,0
18,17,33.35,8,7.3,0,0,44.4,45,45,8,0.6,240,640,280,128,130,0,16,0,0,0,0,0,0,0,0,0,0
14,,15.13,7.73,2.4,0,0,9.7,45.3,45.3,4,0.2,36,50,240,40,24,0,8,0,0,0,0,0,0,0,0,0,0
15,,31.56,8,0.9,0,0,9.7,45.3,45.3,4,0.2,100,400,360,60,12,0,22,0,0,0,0,0,0,0,0,0,0
15,,30.8,8,1.9,0,0,9.7,45.3,45.3,4,0.2,110,520,1040,120,30,0,24,0,0,0,0,0,1,0,0,0,0
15,,31.78,8,1.3,0,2.35,9.7,45.3,45.3,20,0.3,64,160,70,30,10,0,4,0,0,0,0,0,0,0,0,0,0
15,,33.29,7.98,1,0,3.5,9.7,45.3,45.3,20,0.3,260,100,180,120,40,0,16,0,0,0,0,0,0,0,0,0,0
18,16,26.26,7.95,3.2,245,2.2,4.6,45.2,45.3,16,0.1,100,160,480,120,16,0,8,0,0,0,0,0,0,0,2,0,0
18,17,32.19,8.04,1.1,387,1.1,4.6,45.2,45.3,16,0.1,52,100,520,120,60,4,10,0,0,0,0,0,0,0,1,0,0
18,17,31.19,8.02,1.4,311,1.7,4.6,45.2,45.3,16,0.1,180,640,150,120,40,0,6,0,0,0,0,0,0,0,0,0,0
18,17,31.39,8.04,1.8,297,1.6,4.6,45.2,45.3,0,0,70,400,360,100,8,0,28,0,0,0,0,0,0,0,0,0,0
18,17,30.26,8.01,1.5,195,2.2,4.6,45.2,45.3,0,0,66,120,80,42,10,0,10,0,0,0,0,0,0,0,0,0,0
18,16,28.73,8,0.8,805,2.8,0.5,45.1,45.5,0,0,42,80,60,28,12,0,2,0,0,0,0,0,2,0,1,0,0
18,17,33.09,8.06,1,799,0.7,0.5,45.1,45.5,0,0,60,100,260,40,20,0,6,0,0,0,0,0,1,0,1,0,0
18,17,31.75,8.04,1.6,854,2.54,0.5,45.1,45.5,0,0,760,1200,2000,520,260,30,40,0,0,0,0,0,1,0,0,0,0
19,18,32.14,8.03,0.8,921,1.4,0.5,45.1,45.5,0,0,36,720,2000,60,36,0,10,0,0,0,0,0,0,0,0,0,0
19,18,32.37,8.03,1.1,845,0.9,0.5,45.1,45.5,0,0,120,200,520,140,720,0,13,0,0,0,0,0,0,0,0,0,0
20,19,20.29,7.87,2.2,687,1.1,0.6,45.2,45.6,0,0,110,300,200,35,390,0,8,0,0,0,0,0,0,0,0,0,0
20,19,31.39,8.08,1.5,720,1.2,0.6,45.2,45.6,0,0,120,400,100,70,1500,0,10,0,0,0,0,0,0,0,0,0,0
20,19,31.64,8.1,2.9,781,1.1,0.6,45.2,45.6,0,0,160,400,180,31,390,5,11,0,0,0,0,0,0,0,0,0,0
20,19,29.64,8.06,1,698,1,0.6,45.2,45.6,0,0,80,260,150,70,130,0,10,0,0,0,0,0,0,0,0,0,0
20,19,31.17,8.07,1.6,715,0.9,0.6,45.2,45.6,0,0,100,400,220,42,8,2,22,0,0,0,0,0,0,0,0,0,0
18.5,15,19.44,7.68,2.4,35,1.8,0.7,45.3,45.7,0,0,40,130,160,60,20,4,30,0,0,0,1,0,1,0,0,3,0
18.5,17,30.17,7.96,1.5,1,3.5,0.7,45.3,45.7,0,0,130,150,86,30,14,0,8,0,0,0,0,0,0,0,0,0,0
18.5,17,32.25,8.02,2.9,1,2.4,0.7,45.3,45.7,0,0,80,120,62,25,4,4,10,0,0,0,0,0,1,0,0,0,0
18.5,17.5,28.63,7.93,1.5,1,1.1,0.7,45.3,45.7,0,0,50,150,108,20,6,2,8,0,0,0,0,0,0,0,0,0,0
18.5,17.5,32.21,8,1.5,1,1.5,0.7,45.3,45.7,0,0,320,640,1300,910,18,6,130,0,0,0,0,0,0,0,0,0,0
10,13,15.92,7.63,15.6,0,1.9,63.1,63.1,63.1,4,8.6,50,520,760,380,22,1,46,,,,,0,,,,,0
8,14,28.26,7.88,7.1,0,2.4,63.1,63.1,63.1,2,7.3,60,192,1040,620,28,3,44,0,0,0,0,0,0,0,0,0,0
8,14,28.26,7.92,4.7,0,2.6,63.1,63.1,63.1,4,8.6,100,420,1890,1300,11,12,38,0,0,0,0,0,0,0,0,0,0
10,13,11.76,7.54,6.3,0,3.1,63.1,63.1,63.1,4,8.6,200,560,510,390,40,4,63,0,0,0,0,0,0,0,0,,0
10,12,12.5,7.62,7.5,0,2.8,63.1,63.1,63.1,4,8.6,240,560,1300,520,25,3,140,0,0,0,0,0,0,0,0,,0
10,13.8,18.78,7.66,16.6,279,0.8,63.3,63.3,63.3,2,11.7,40,320,180,200,10,2,30,,,,,0,,,,,
10,16,32.4,7.98,5.7,312,0,63.3,63.3,63.3,2,11.7,320,560,780,480,35,1,70,,,,,0,,,,,
10,14.8,26.79,7.93,15.6,330,0.8,63.3,63.3,63.3,2,11.7,120,480,260,320,13,5,32,,,,,0,,,,,
10,15.2,27.4,7.9,4.5,287,1.4,63.3,63.3,63.3,2,11.7,480,720,520,700,40,3,80,,,,,0,,,,,
10,13.8,9.64,7.53,16.9,340,1.9,63.3,63.3,63.3,2,11.7,368,860,2000,720,25,2,260,,,,,0,,,,,
21.5,17.5,24.55,7.8,2.1,800,0,41.8,41.8,41.8,2,2.3,103,130,520,75,10,0,14,0,0,0,1,0,0,0,0,1,0
21.5,21,32.99,7.8,1.1,850,0,41.8,41.8,41.8,2,2.3,86,200,400,53,7,0,17,1,0,1,0,10,0,0,0,1,0
21.5,21,35.29,7.9,1.2,880,0,41.8,41.8,41.8,2,2.3,180,170,175,43,3,0,4,4,0,0,0,10,0,0,0,0,0
20,21,35.3,8,0.95,950,0,41.8,41.8,41.8,2,3,25,140,8,5,6,0,2,0,0,0,0,0,0,0,0,0,0
20,21,34.59,8,1.7,905,0,41.8,41.8,41.8,2,3,120,120,38,10,32,0,2,0,0,0,0,0,0,0,0,0,0
23,20,29.06,7.7,1.2,780,0,42,42,42,4,2.1,32,180,118,53,6,0,21,0,0,0,0,0,1,0,4,0,0
23,21,34.36,7.9,2.5,690,0,42,42,42,18,1.9,60,240,185,42,2,0,24,4,0,0,11,0,1,0,3,0,0
23,22,34.49,8,2.7,750,0,42,42,42,18,1.9,42,180,53,45,0,0,29,4,0,0,4,0,1,0,0,0,0
24,21,33.55,8,2.1,735,0,42,42,42,18,1.9,82,230,22,33,2,0,9,0,0,0,0,0,0,0,0,0,0
24,22,35.02,8,1.2,720,0,42,42,42,18,1.9,45,200,11,6,4,0,3,0,0,0,0,0,0,0,0,0,0
23,20,33.87,7.9,1.7,300,0,42,42,42,20,1.7,210,470,22,25,1,0,24,4,0,0,5,0,1,0,0,0,0
23,20,34.03,8,1.5,300,0,42,42,42,20,1.2,180,480,40,22,2,0,24,2,0,0,0,0,1,0,0,0,0
23,20,34.43,8,1.6,300,0,42,42,42,20,1.2,120,230,2,15,0,0,20,1,1,1,0,0,1,0,0,0,0
23,20,34.42,8,1.2,300,0,42,42,42,20,1.2,110,580,2,1,0,0,10,0,2,0,0,0,0,0,0,0,0
23,20,34.43,8,1.2,300,0,42,42,42,20,1.2,96,410,4,4,0,0,8,2,2,0,0,0,0,1,0,0,0
18.5,17,21.85,7.9,1,0,0,42,42,42,32,1.4,210,490,200,69,4,0,50,0,0,0,0,0,0,0,0,0,0
16,20,34.42,8,0.92,0,0,42,42,42,32,1.4,65,720,48,3,1,0,6,0,0,0,0,0,0,0,0,0,0
16,20.5,33.8,7.9,0.95,0,0,42,42,42,32,1.4,280,610,62,6,1,0,17,0,0,0,0,0,0,0,0,0,0
15,20.5,34.51,8,1,0,0,42,42,42,32,1.7,230,470,4,2,3,0,1,0,0,0,0,0,0,0,0,0,0
15,20.5,34.5,8,1,0,0,42,42,42,32,1.7,140,280,60,7,1,0,20,0,0,0,0,0,0,0,0,0,0
16,17,19.44,7.8,1.3,0,0,42,42,42,32,1,52,380,270,46,7,0,17,0,0,0,0,0,0,0,0,1,0
16,21,33.75,8,0.78,0,0,42,42,42,32,1,90,610,160,33,0,0,9,0,0,0,0,0,0,0,0,1,0
15.5,21,34.19,8,0.75,0,0,42,42,42,32,1,58,240,120,19,4,0,12,0,0,0,0,0,1,0,0,0,0
15.5,21,34.33,8,0.74,0,0,42,42,42,32,1,240,380,12,2,7,0,4,0,0,0,0,0,0,0,0,0,0
15,21,35.03,8,1,0,0,42,42,42,32,1,180,310,8,5,6,1,10,0,0,0,0,0,0,0,0,0,0
17.8,15.9,17.36,7.8,1.1,680,0,0.2,42,42,2,1.4,44,110,240,76,5,0,36,0,0,0,0,0,0,0,0,1,0
17,21,33.58,7.9,1,740,0,0.2,42,42,2,1.4,25,57,520,51,6,0,16,0,0,0,0,2,0,0,0,2,0
17,21.2,34.52,8,1,770,0,0.2,42,42,2,1.4,44,90,46,27,1,1,5,0,0,0,11,12,0,0,0,0,0
17.8,21.5,35.01,8,0.92,739,0,0.2,42,42,2,1.7,60,210,2,2,0,0,3,0,0,0,0,0,0,0,0,0,0
17.9,22.4,35.46,8,0.67,744,0,0.2,42,42,2,1.7,80,420,10,1,0,0,0,0,0,0,0,0,0,0,0,0,0
25,21,30.84,8,1,950,0,0.2,42,42,20,1.8,22,120,60,13,0,0,12,3,0,0,0,0,0,0,2,0,0
25,22,34.31,8,0.94,943,0,0.2,42,42,20,1.8,6,110,180,33,2,0,18,10,0,0,1,0,0,0,2,0,0
25,22,27.54,7.8,0.78,930,0,0.2,42,42,20,1.8,110,520,160,132,3,0,61,50,5,0,0,0,0,0,0,0,0
25,22,34.58,8,0.94,891,0,0.2,42,42,20,1.2,83,280,2,0,0,1,7,15,0,0,0,0,0,0,0,0,0
25,22,32.13,8,0.97,862,0,0.2,42,42,20,1.2,70,280,16,780,2,0,15,30,2,0,0,0,0,0,0,0,0
29,22,29.04,8,1.7,770,0,0,42,42,22,1.9,16,200,48,38,3,0,12,1,1,0,0,5,0,0,0,0,0
29,22,26.23,8,1,749,0,0,42,42,22,1.9,6,220,40,34,2,1,14,2,0,0,0,0,0,0,0,0,0
29,23,32.97,8.04,1.1,731,0,0,42,42,20,1.9,110,520,26,2,0,7,8,27,5,0,0,0,0,0,0,0,0
28,23,33.23,8.08,0.98,682,0,0,42,42,20,1.9,80,240,0,0,1,0,3,17,3,0,0,0,0,0,0,0,0
28,23,33.54,8.13,0.97,710,0,0,42,42,20,1.9,48,320,6,4,0,28,6,21,2,0,0,0,0,0,0,0,0
25.5,19,23.18,7.8,1.5,307,0,0,42,42,20,1.5,180,1440,90,43,2,0,12,30,0,0,0,0,0,0,4,0,0
28,22,33.33,8,0.53,307,0,0,42,42,20,1.5,85,160,12,4,0,0,5,13,0,1,0,0,0,0,2,0,0
28,23,31.26,8,1.5,307,0,0,42,42,20,1.5,320,640,60,30,0,1,18,150,7,0,0,0,0,0,0,0,0
28,22,34.37,8,1.3,307,0,0,42,42,22,0.7,150,310,4,9,0,7,6,27,3,0,0,0,0,0,0,0,0
28,22,34.78,8,1.4,307,0,0,42,42,22,0.7,65,80,8,19,0,2,3,45,4,0,0,0,0,2,0,0,0
19,17,19.51,7.9,0.92,0,0,0,42,42,32,0.7,110,720,250,70,6,2,10,0,0,0,0,0,0,0,0,0,0
19.5,22,33.66,8,1.1,0,0,0,42,42,32,0.7,370,640,72,21,0,5,4,0,0,0,0,0,0,0,0,0,0
19.5,21.5,32.7,8,1.4,0,0,0,42,42,32,0.7,220,780,420,59,4,0,18,2,0,0,0,0,0,0,0,0,0
17,21.5,34.4,8,0.57,0,0,0,42,42,32,1.5,70,240,4,0,0,0,2,0,0,0,0,0,0,0,0,0,0
17,21.5,34.4,8,1.1,0,0,0,42,42,32,1.5,280,560,20,11,2,0,1,0,0,0,0,0,0,0,0,0,0
18,18,19.4,8,1.5,0,0,0,42,42,32,0.7,9,570,210,60,4,0,10,0,0,0,0,0,1,0,0,1,0
18,21,34.09,8,1.2,0,0,0,42,42,32,0.7,45,200,53,32,0,0,6,0,0,0,0,0,0,0,0,1,0
17,20.5,32.66,8,0.95,0,0,0,42,42,32,0.7,120,400,260,51,3,0,16,0,0,0,0,0,1,0,0,0,0
17.5,21,34.87,8,1.2,0,0,0,42,42,32,1.5,75,470,4,3,2,6,0,0,0,0,0,0,0,0,0,0,0
17.5,20.5,34.9,8,2.1,0,0,0,42,42,32,1.5,90,320,4,1,0,0,3,0,0,0,0,0,1,0,0,0,0
20,17,22.19,7.9,1.3,694,0,0,0.2,42,2,0.6,85,130,250,38,2,0,6,0,0,0,1,1,0,0,0,1,0
20.5,21.5,33.98,8.1,1.7,720,0,0,0.2,42,2,0.6,50,220,160,27,1,0,6,0,0,0,0,4,0,0,0,1,0
20.5,21.8,34.39,8.1,1.5,734,0,0,0.2,42,2,0.6,28,120,72,6,1,0,5,0,0,0,17,18,0,0,0,0,0
20.1,21.4,35.15,8.1,2.5,771,0,0,0.2,42,22,0.2,110,370,2,2,0,1,2,0,0,0,0,0,0,0,0,0,0
20.6,21.2,35.11,8.1,1.5,805,0,0,0.2,42,22,0.2,120,360,6,13,0,0,1,0,0,0,0,0,0,0,0,0,0
23,20,31.25,7.51,1,0,0,21.9,21.9,21.9,20,1.3,140,100,140,22,1,0,11,0,0,0,0,0,0,0,0,0,0
22,23,30.45,7.72,0.7,0,0,21.9,21.9,21.9,20,1.3,280,150,1200,210,6,0,20,0,0,0,0,0,0,0,0,0,0
22,22,32.91,7.79,1.2,0,0,21.9,21.9,21.9,20,1.3,400,210,180,71,3,0,15,0,0,0,0,0,0,0,0,0,0
22,22,34.47,7.81,0.8,0,0,21.9,21.9,21.9,4,0.3,370,230,14,4,0,3,1,0,0,0,0,0,0,0,0,0,0
22,22,34.76,7.84,1.7,0,0,21.9,21.9,21.9,4,0.3,370,400,64,18,3,0,2,0,0,0,0,0,0,0,0,0,0
