AirTemp,AlbedoDaily,Azimuth,CloudOpacity,DewpointTemp,Dhi,Dni,Ebh,Ghi,GtiFixedTilt,GtiTracking,PrecipitableWater,RelativeHumidity,SnowDepth,SurfacePressure,WindDirection10m,WindSpeed10m,Zenith,ecoli
23.8,0.11,-134,15.3,14.4,356,401,353,709,668,705,28.5,55.6,0,974,212,3.5,29,6
23.8,0.11,-134,14.4,14.4,346,420,370,716,675,710,28.6,55.7,0,974.5,212,3.5,29,20
23.8,0.11,-134,14.4,14.4,346,420,370,716,675,710,28.6,55.7,0,974.5,212,3.5,29,70
22.6,0.12,-114,0,14.6,144,765,603,747,690,845,27.6,60.4,0,973.3,215,3.1,38,7
22.6,0.12,-114,0,14.6,144,765,603,747,690,845,27.6,60.4,0,973.3,215,3.1,38,1300
25.6,0.11,134,0.1,14.1,162,769,672,834,799,836,30.1,49.1,0,973.6,208,4.5,29,23
25.6,0.11,134,0.1,14.2,163,767,670,833,798,835,30.2,49.3,0,974.1,207,4.5,29,42
25.6,0.11,134,0.1,14.2,163,767,670,833,798,835,30.2,49.3,0,974.1,207,4.5,29,80
25.6,0.12,134,0.8,14.1,173,752,656,829,793,831,30.1,48.9,0,972.8,209,4.5,29,0
25.6,0.12,134,0.8,14.1,173,752,656,829,793,831,30.1,48.9,0,972.8,209,4.5,29,20
22.9,0.11,79,10.2,13.6,120,365,140,260,168,502,28.9,55.7,0,974,199,3.1,69,30
22.9,0.11,79,9.8,13.6,123,356,137,260,170,496,28.9,55.8,0,974.4,198,3.1,69,12
22.9,0.11,79,9.8,13.6,123,356,137,260,170,496,28.9,55.8,0,974.4,198,3.1,69,30
22.9,0.12,78,16.4,13.6,143,255,100,242,173,417,28.9,55.6,0,973.1,201,3.1,69,21
22.9,0.12,78,16.4,13.6,143,255,100,242,173,417,28.9,55.6,0,973.1,201,3.1,69,23
19,0.11,35,20.5,13.9,0,0,0,0,0,0,27.3,72.5,0,974.2,166,2.2,104,62
19,0.11,35,19.5,13.9,0,0,0,0,0,0,27.3,72.5,0,974.6,165,2.2,104,250
19,0.11,35,19.5,13.9,0,0,0,0,0,0,27.3,72.5,0,974.6,165,2.2,104,1040
18.9,0.12,35,19.8,13.9,0,0,0,0,0,0,27.2,72.5,0,973.3,169,2.1,104,2
18.9,0.12,35,19.8,13.9,0,0,0,0,0,0,27.2,72.5,0,973.3,169,2.1,104,13
17.5,0.12,-22,14.2,15.1,0,0,0,0,0,0,31.9,85.6,0,973.8,127,0.9,109,9
17.6,0.12,-22,17.7,15.1,0,0,0,0,0,0,31.9,85.5,0,974.3,122,0.9,109,24
17.6,0.12,-22,17.7,15.1,0,0,0,0,0,0,31.9,85.5,0,974.3,122,0.9,109,780
16.9,0.12,-35,44.9,14.8,0,0,0,0,0,0,32.3,87.4,0,973,125,1.2,104,1
16.9,0.12,-35,44.9,14.8,0,0,0,0,0,0,32.3,87.4,0,973,125,1.2,104,60
17.7,0.12,-68,71,16,31,0,0,31,28,31,32.5,89.8,0,973.8,118,2,79,108
17.8,0.12,-68,72.6,16,29,0,0,29,26,29,32.5,89.6,0,974.2,117,2,79,150
17.8,0.12,-68,72.6,16,29,0,0,29,26,29,32.5,89.6,0,974.2,117,2,79,520
18.6,0.12,-78,69.7,17,80,14,6,87,77,97,32.3,90.1,0,973.1,123,2.3,69,22
18.6,0.12,-78,69.7,17,80,14,6,87,77,97,32.3,90.1,0,973.1,123,2.3,69,70
23.7,0.12,-133,59.3,17.3,331,0,0,331,300,331,32.2,67.6,0,974.1,173,2.6,29,33
23,0.12,-114,63.7,17.4,267,0,0,267,242,267,33,70.6,0,974.6,161,2.3,38,18
23,0.12,-114,63.7,17.4,267,0,0,267,242,267,33,70.6,0,974.6,161,2.3,38,2200
23,0.12,-114,68.8,17.4,230,0,0,230,208,230,33,70.7,0,973.4,162,2.3,38,2
23,0.12,-114,68.8,17.4,230,0,0,230,208,230,33,70.7,0,973.4,162,2.3,38,405
23.6,0.12,134,57.8,16.6,349,0,0,349,316,349,27.7,64.7,0,973.4,189,3.6,29,94
23.6,0.12,134,58.9,16.6,339,0,0,339,307,339,27.7,64.8,0,973.9,189,3.6,29,40
23.6,0.12,134,58.9,16.6,339,0,0,339,307,339,27.7,64.8,0,973.9,189,3.6,29,1270
23.6,0.12,134,57.8,16.6,351,0,0,351,318,351,27.6,64.6,0,972.7,189,3.6,29,9
23.6,0.12,134,57.8,16.6,351,0,0,351,318,351,27.6,64.6,0,972.7,189,3.6,29,80
24.7,0.12,79,63.6,16,100,0,0,100,91,100,31,58.4,0,972.7,185,2.3,69,10
24.7,0.12,79,66.2,16,93,0,0,93,84,93,31,58.5,0,973.1,185,2.3,69,1
24.7,0.12,79,66.2,16,93,0,0,93,84,93,31,58.5,0,973.1,185,2.3,69,300
23.4,0.12,69,61.8,17,38,0,0,38,34,38,31.7,67.3,0,971.8,174,1.8,79,5
23.4,0.12,69,61.8,17,38,0,0,38,34,38,31.7,67.3,0,971.8,174,1.8,79,130
19.3,0.12,35,0,17.2,0,0,0,0,0,0,31.3,87.6,0,972.6,125,1.4,103,130
18.4,0.12,22,0,16.9,0,0,0,0,0,0,30.9,91.2,0,972.9,107,1.4,109,16
18.4,0.12,22,0,16.9,0,0,0,0,0,0,30.9,91.2,0,972.9,107,1.4,109,650
18.3,0.12,22,0,16.9,0,0,0,0,0,0,30.8,91.5,0,971.7,112,1.5,109,7
18.3,0.12,22,0,16.9,0,0,0,0,0,0,30.8,91.5,0,971.7,112,1.5,109,260
16.8,0.12,-22,0,15.6,0,0,0,0,0,0,28.8,92.2,0,971.7,70,1.6,109,260
16.8,0.12,-22,0,15.5,0,0,0,0,0,0,28.8,92.1,0,972.2,69,1.6,109,200
16.8,0.12,-22,0,15.5,0,0,0,0,0,0,28.8,92.1,0,972.2,69,1.6,109,390
16.3,0.12,-35,0,15.3,0,0,0,0,0,0,28,93.8,0,970.7,73,1.5,104,52
16.3,0.12,-35,0,15.3,0,0,0,0,0,0,28,93.8,0,970.7,73,1.5,104,390
16.6,0.12,-68,57.6,15.7,50,0,0,50,46,50,26.2,94.6,0,971.1,124,0.8,79,1300
17.3,0.12,-78,59.7,16.2,111,0,0,111,101,111,25.6,93.6,0,971.4,164,0.9,69,650
17.3,0.12,-78,59.7,16.2,111,0,0,111,101,111,25.6,93.6,0,971.4,164,0.9,69,260
17.3,0.12,-78,54.1,16.2,126,0,0,126,115,126,25.6,93.4,0,970.2,168,1,69,390
17.3,0.12,-78,54.1,16.2,126,0,0,126,115,126,25.6,93.4,0,970.2,168,1,69,100
19.5,0.12,-114,38.5,17.6,409,73,60,468,430,477,23,88.9,0,970.8,214,2.7,38,130
19.5,0.12,-114,36.7,17.6,411,86,71,483,444,492,22.9,88.8,0,971.3,214,2.7,38,280
19.5,0.12,-114,36.7,17.6,411,86,71,483,444,492,22.9,88.8,0,971.3,214,2.7,38,70
20.4,0.12,-133,6.2,17.2,240,648,567,807,764,801,22,81.7,0,970,218,3.3,29,20
20.4,0.12,-133,6.2,17.2,240,648,567,807,764,801,22,81.7,0,970,218,3.3,29,30
23.1,0.12,134,50.7,12.6,399,32,28,427,391,430,19.2,51.8,0,970.5,220,4.9,29,1300
23.1,0.12,134,50.4,12.6,398,37,31,429,394,432,19.2,51.6,0,971,220,4.9,29,280
23.1,0.12,134,50.4,12.6,398,37,31,429,394,432,19.2,51.6,0,971,220,4.9,29,130
23.1,0.12,114,38.7,10.5,413,76,58,471,434,489,18.9,44.8,0,969.4,224,5,38,7
23.1,0.12,114,38.7,10.5,413,76,58,471,434,489,18.9,44.8,0,969.4,224,5,38,130
21.8,0.12,78,17.2,8.6,160,227,86,246,181,403,19.7,42.7,0,969.2,226,3.6,69,110
21.9,0.12,78,15.6,8.6,159,239,91,251,182,418,19.7,42.6,0,969.7,226,3.6,69,110
21.9,0.12,78,15.6,8.6,159,239,91,251,182,418,19.7,42.6,0,969.7,226,3.6,69,100
21.7,0.12,78,20.1,8.6,141,257,97,238,167,406,19.5,42.9,0,968.4,226,3.6,69,4
21.7,0.12,78,20.1,8.6,141,257,97,238,167,406,19.5,42.9,0,968.4,226,3.6,69,750
17.6,0.12,35,0,10.2,0,0,0,0,0,0,24.6,61.8,0,969.3,215,1.8,103,560
16.8,0.12,22,0,11,0,0,0,0,0,0,26.2,68.8,0,969.8,215,1.8,108,390
16.8,0.12,22,0,11,0,0,0,0,0,0,26.2,68.8,0,969.8,215,1.8,108,390
16.6,0.12,22,0,10.9,0,0,0,0,0,0,26,68.9,0,968.5,215,1.8,108,130
16.6,0.12,22,0,10.9,0,0,0,0,0,0,26,68.9,0,968.5,215,1.8,108,28
14.9,0.11,-21,68.6,14.4,0,0,0,0,0,0,29.4,96.4,0,968.8,214,1.7,109,35
15,0.11,-21,67.6,14.4,0,0,0,0,0,0,29.5,96.4,0,969.3,213,1.7,109,45
15,0.11,-21,67.6,14.4,0,0,0,0,0,0,29.5,96.4,0,969.3,213,1.7,109,130
14.6,0.11,-35,54.9,14,0,0,0,0,0,0,28.7,96,0,967.8,203,1.7,104,35
14.6,0.11,-35,54.9,14,0,0,0,0,0,0,28.7,96,0,967.8,203,1.7,104,780
14.9,0.11,-68,81.2,13.8,22,0,0,22,20,22,26.7,93.4,0,968.1,201,2.4,79,680
15.3,0.11,-78,83.7,14,49,0,0,49,45,49,26.1,91.9,0,968.5,207,2.9,69,1300
15.3,0.11,-78,83.7,14,49,0,0,49,45,49,26.1,91.9,0,968.5,207,2.9,69,650
15.1,0.11,-78,79.9,13.9,59,0,0,59,54,59,26,92.5,0,967.2,207,2.9,69,7
15.1,0.11,-78,79.9,13.9,59,0,0,59,54,59,26,92.5,0,967.2,207,2.9,69,520
18.6,0.11,-133,61.9,15.4,323,0,0,323,292,323,25.2,81.3,0,967.2,211,3.5,29,520
18.7,0.11,-133,64.3,15.3,302,0,0,302,274,302,25.2,81,0,967.7,211,3.5,29,1300
18.7,0.11,-133,64.3,15.3,302,0,0,302,274,302,25.2,81,0,967.7,211,3.5,29,390
17.6,0.11,-113,72.8,15.1,204,0,0,204,185,204,25,85.1,0,966.6,210,3.3,38,390
17.6,0.11,-113,72.8,15.1,204,0,0,204,185,204,25,85.1,0,966.6,210,3.3,38,70
20.7,0.11,134,49.5,15.9,413,22,18,431,392,433,26.1,74.4,0,966.6,217,4,29,100
20.7,0.11,134,47.7,16,427,23,20,446,407,449,26.1,74.4,0,967,217,3.9,29,260
20.7,0.11,134,47.7,16,427,23,20,446,407,449,26.1,74.4,0,967,217,3.9,29,80
20,0.11,114,35,16,418,92,71,489,450,509,26,78,0,965.6,218,3.9,38,130
20,0.11,114,35,16,418,92,71,489,450,509,26,78,0,965.6,218,3.9,38,20
17.2,0.11,69,10.1,16.1,78,200,38,116,60,169,24.7,93.3,0,965.8,209,2.3,79,80
17.9,0.11,78,20.9,16.2,162,183,67,229,171,361,25.2,89.8,0,966.5,213,2.9,68,40
17.9,0.11,78,20.9,16.2,162,183,67,229,171,361,25.2,89.8,0,966.5,213,2.9,68,15
17.9,0.11,78,32.3,16.1,151,141,56,207,162,306,25.2,89.5,0,965.2,215,2.9,69,10
17.9,0.11,78,32.3,16.1,151,141,56,207,162,306,25.2,89.5,0,965.2,215,2.9,69,35
15.5,0.11,35,0,14.8,0,0,0,0,0,0,24.7,96,0,966.2,184,1.6,103,18
15.5,0.11,35,0,14.9,0,0,0,0,0,0,24.7,95.9,0,966.7,183,1.6,103,50
15.5,0.11,35,0,14.9,0,0,0,0,0,0,24.7,95.9,0,966.7,183,1.6,103,200
15.4,0.11,35,0,14.8,0,0,0,0,0,0,24.6,96.1,0,965.4,186,1.6,103,3
15.4,0.11,35,0,14.8,0,0,0,0,0,0,24.6,96.1,0,965.4,186,1.6,103,5
16,0.11,-21,0,14.6,0,0,0,0,0,0,23.3,91.8,0,965.6,166,1.7,109,10
16,0.11,-21,0,14.6,0,0,0,0,0,0,23.2,91.6,0,966.1,165,1.7,109,70
15.6,0.11,-35,0,14.3,0,0,0,0,0,0,24.4,92,0,965.7,175,1.6,104,60
15.5,0.11,-35,0,14.3,0,0,0,0,0,0,24.5,92.4,0,964.5,177,1.7,104,30
15.5,0.11,-35,0,14.3,0,0,0,0,0,0,24.5,92.4,0,964.5,177,1.7,104,130
15.3,0.11,-68,85.4,14.5,17,0,0,17,15,17,28.8,95.1,0,964.5,198,1.9,79,35
15.3,0.11,-68,85.1,14.5,18,0,0,18,16,18,28.8,95,0,965,198,1.9,79,45
15.3,0.11,-68,85.1,14.5,18,0,0,18,16,18,28.8,95,0,965,198,1.9,79,60
15.5,0.11,-35,0,14.3,0,0,0,0,0,0,24.5,92.4,0,964.5,177,1.7,104,60
15.5,0.11,-35,0,14.3,0,0,0,0,0,0,24.5,92.4,0,964.5,177,1.7,104,55
17.2,0.12,-21,46,16.2,0,0,0,0,0,0,32.6,93.9,0,976.3,54,3.4,108,5
17.3,0.12,-21,44.5,16.3,0,0,0,0,0,0,32.7,93.8,0,976.7,54,3.4,108,13
17.3,0.12,-21,44.5,16.3,0,0,0,0,0,0,32.7,93.8,0,976.7,54,3.4,108,12
17.2,0.12,-34,47.2,15.6,0,0,0,0,0,0,31.7,90.6,0,975.8,53,3.4,104,6
17.2,0.12,-34,47.2,15.6,0,0,0,0,0,0,31.7,90.6,0,975.8,53,3.4,104,60
18,0.12,-67,46.4,14.3,62,33,9,71,56,91,30,78.9,0,977.5,49,3.7,79,4
18.1,0.12,-67,46,14.3,62,33,9,71,56,91,30.1,78.7,0,977.9,49,3.7,79,11
18.1,0.12,-67,46,14.3,62,33,9,71,56,91,30.1,78.7,0,977.9,49,3.7,79,0
18.2,0.12,-77,9.2,13.8,128,354,126,254,155,493,29.4,75.4,0,977.2,48,3.8,69,2
18.2,0.12,-77,9.2,13.8,128,354,126,254,155,493,29.4,75.4,0,977.2,48,3.8,69,230
19.3,0.12,-112,5.8,11.6,211,624,490,701,637,783,30,61.1,0,979,45,3.8,38,6
19.4,0.12,-112,6.9,11.6,226,593,467,693,630,771,30,61,0,979.4,45,3.8,38,20
19.4,0.12,-112,6.9,11.6,226,593,467,693,630,771,30,61,0,979.4,45,3.8,38,10
19.3,0.12,-112,0.7,11.6,135,770,606,741,680,846,29.8,61,0,978.2,46,3.8,38,2
19.3,0.12,-112,0.7,11.6,135,770,606,741,680,846,29.8,61,0,978.2,46,3.8,38,18
24.7,0.12,135,0,12.9,129,824,726,855,823,859,28.5,47.7,0,978.4,59,2.7,28,70
24.8,0.12,135,0,12.9,129,823,725,854,822,858,28.6,47.7,0,978.9,59,2.7,28,13
24.8,0.12,135,0,12.9,129,823,725,854,822,858,28.6,47.7,0,978.9,59,2.7,28,12
24.9,0.12,115,0,12.4,118,810,648,765,711,864,28.5,45.8,0,977.5,57,2.4,37,2
24.9,0.12,115,0,12.4,118,810,648,765,711,864,28.5,45.8,0,977.5,57,2.4,37,10
23.9,0.12,79,0,12.9,74,622,237,311,168,689,28.3,50.3,0,978.4,47,1.7,68,55
24,0.12,79,0,13,74,621,237,311,168,689,28.4,50.2,0,978.8,47,1.7,68,28
24,0.12,79,0,13,74,621,237,311,168,689,28.4,50.2,0,978.8,47,1.7,68,260
22.9,0.12,69,21.1,13.6,88,117,30,118,81,175,27.9,55.8,0,977.8,46,1.5,78,10
22.9,0.12,69,21.1,13.6,88,117,30,118,81,175,27.9,55.8,0,977.8,46,1.5,78,90
19.6,0.12,36,0,13.7,0,0,0,0,0,0,26.2,68.6,0,979.8,49,1.6,103,9
19.7,0.12,36,0,13.7,0,0,0,0,0,0,26.3,68.4,0,980.2,48,1.6,103,60
19.7,0.12,36,0,13.7,0,0,0,0,0,0,26.3,68.4,0,980.2,48,1.6,103,55
18.5,0.12,23,0,13.5,0,0,0,0,0,0,25.3,72.8,0,979.2,49,1.7,108,6
18.5,0.12,23,0,13.5,0,0,0,0,0,0,25.3,72.8,0,979.2,49,1.7,108,50
16.5,0.11,-21,0,13,0,0,0,0,0,0,22.8,79.6,0,980,47,1.6,108,150
16.6,0.11,-21,0,13,0,0,0,0,0,0,22.9,79.4,0,980.5,47,1.6,108,5
16.6,0.11,-21,0,13,0,0,0,0,0,0,22.9,79.4,0,980.5,47,1.6,108,26
16,0.11,-34,0,12.6,0,0,0,0,0,0,22.9,80.3,0,979.2,50,1.6,104,0
16,0.11,-34,0,12.6,0,0,0,0,0,0,22.9,80.3,0,979.2,50,1.6,104,75
17.3,0.11,-67,10.6,13.1,62,247,54,116,47,211,24,76.4,0,980.5,54,2.1,79,60
17.3,0.11,-67,10.6,13.1,62,248,55,116,47,211,24,76.2,0,980.9,54,2.1,79,12
17.3,0.11,-67,10.6,13.1,62,248,55,116,47,211,24,76.2,0,980.9,54,2.1,79,10
18.4,0.11,-77,0,13.8,71,608,217,289,142,662,24.3,74.5,0,980.1,53,2.4,69,1
18.4,0.11,-77,0,13.8,71,608,217,289,142,662,24.3,74.5,0,980.1,53,2.4,69,3
22.5,0.11,-112,0,12.1,114,813,638,752,693,868,25.9,51.8,0,981.3,65,1.9,38,45
23.8,0.11,-131,4.1,12,192,715,621,813,773,825,25.9,47.4,0,981.5,69,1.4,29,80
23.8,0.11,-131,4.1,12,192,715,621,813,773,825,25.9,47.4,0,981.5,69,1.4,29,7
23.7,0.11,-131,3.1,11.8,176,746,648,824,784,837,25.7,47.3,0,980.3,70,1.4,29,1
23.7,0.11,-131,3.1,11.8,176,746,648,824,784,837,25.7,47.3,0,980.3,70,1.4,29,1
26.7,0.11,135,0,12.7,137,819,722,859,825,860,24.9,42,0,979.7,231,0.9,28,6
26.7,0.11,135,0,12.8,137,819,722,859,824,860,24.9,42,0,980.2,230,0.9,28,4
26.7,0.11,135,0,12.8,137,819,722,859,824,860,24.9,42,0,980.2,230,0.9,28,5
26.7,0.11,135,0,12.6,137,820,722,859,825,861,24.9,41.8,0,978.9,230,0.9,28,0
26.7,0.11,135,0,12.6,137,820,722,859,825,861,24.9,41.8,0,978.9,230,0.9,28,100
24.8,0.11,79,0,13.4,80,608,232,312,170,684,25.8,49.1,0,978.5,228,1.1,68,23
24.9,0.11,79,0,13.4,79,608,232,312,170,683,25.8,48.8,0,979,227,1.1,68,70
23.9,0.11,69,0,15,52,444,97,149,37,306,25.9,57.8,0,978.8,221,0.7,78,35
23.7,0.11,69,0,15.3,52,442,96,148,36,303,25.9,59.2,0,977.6,226,0.6,78,4
23.7,0.11,69,0,15.3,52,442,96,148,36,303,25.9,59.2,0,977.6,226,0.6,78,80
21.5,0.11,36,0,15.6,0,0,0,0,0,0,25.6,69.1,0,978.4,124,0.7,103,16
21.5,0.11,36,0,15.5,0,0,0,0,0,0,25.6,68.4,0,978.9,126,0.7,103,75
21.5,0.11,36,0,15.5,0,0,0,0,0,0,25.6,68.4,0,978.9,126,0.7,103,5
20.4,0.11,23,0,15.6,0,0,0,0,0,0,25.3,73.8,0,977.4,115,1,108,4
20.4,0.11,23,0,15.6,0,0,0,0,0,0,25.3,73.8,0,977.4,115,1,108,50
18.1,0.11,-21,0,15,0,0,0,0,0,0,24,82.5,0,977.3,107,1.3,109,28
18.2,0.11,-21,0,15,0,0,0,0,0,0,24,82.1,0,977.8,106,1.3,109,4
18.2,0.11,-21,0,15,0,0,0,0,0,0,24,82.1,0,977.8,106,1.3,109,2
17.9,0.11,-34,0,14.8,0,0,0,0,0,0,24,81.8,0,976.3,112,1.1,104,3
17.9,0.11,-34,0,14.8,0,0,0,0,0,0,24,81.8,0,976.3,112,1.1,104,38
19.4,0.11,-67,14.6,15,75,119,27,102,62,155,24.1,75.6,0,976.8,115,0.6,79,85
19.5,0.11,-67,16.3,15,77,98,23,99,65,146,24.1,75.4,0,977.3,112,0.6,79,120
19.5,0.11,-67,16.3,15,77,98,23,99,65,146,24.1,75.4,0,977.3,112,0.6,79,60
20.3,0.11,-77,0.9,15.4,93,503,181,273,146,594,24.2,73.5,0,976,115,0.5,69,3
20.3,0.11,-77,0.9,15.4,93,503,181,273,146,594,24.2,73.5,0,976,115,0.5,69,180
25.5,0.11,-112,2.4,12.2,196,661,520,716,651,802,25.3,43.6,0,976.7,195,1.2,38,26
26.9,0.11,-131,0,11.9,127,825,719,845,811,862,25.7,39.3,0,977,203,1.7,29,12
26.9,0.11,-131,0,11.9,127,825,719,845,811,862,25.7,39.3,0,977,203,1.7,29,60
26.9,0.11,-131,1.6,11.9,155,779,679,833,794,844,25.6,39.3,0,975.7,204,1.7,29,0
26.9,0.11,-131,1.6,11.9,155,779,679,833,794,844,25.6,39.3,0,975.7,204,1.7,29,110
28.7,0.11,115,0,12.9,128,794,636,764,708,857,26.2,37.8,0,975.4,217,3.3,37,390
28.7,0.11,115,0,12.9,128,793,635,763,707,856,26.2,37.9,0,975.8,217,3.3,37,55
28.7,0.11,115,0,12.9,128,793,635,763,707,856,26.2,37.9,0,975.8,217,3.3,37,7
29,0.11,135,0,13.4,129,826,727,856,825,860,26.4,38.4,0,974.8,216,3.1,28,3
29,0.11,135,0,13.4,129,826,727,856,825,860,26.4,38.4,0,974.8,216,3.1,28,15
26.5,0.11,79,0,13.6,91,549,211,302,171,644,25.8,44.9,0,975,213,2.6,68,15
26.5,0.11,79,0,13.5,91,548,210,302,171,643,25.8,44.8,0,975.5,212,2.6,68,45
26.5,0.11,79,0,13.5,91,548,210,302,171,643,25.8,44.8,0,975.5,212,2.6,68,180
26.5,0.11,79,0,13.6,91,550,210,301,170,644,25.8,45,0,974.2,215,2.6,68,4
26.5,0.11,79,0,13.6,91,550,210,301,170,644,25.8,45,0,974.2,215,2.6,68,100
21.4,0.11,36,0,15.6,0,0,0,0,0,0,26.1,69.6,0,975.8,191,1.4,103,4
21.4,0.11,36,0,15.5,0,0,0,0,0,0,26.2,69.2,0,976.3,189,1.4,103,520
21.4,0.11,36,0,15.5,0,0,0,0,0,0,26.2,69.2,0,976.3,189,1.4,103,1300
20.3,0.11,23,0,15.7,0,0,0,0,0,0,26.3,75.1,0,975.1,195,1.4,108,15
20.3,0.11,23,0,15.7,0,0,0,0,0,0,26.3,75.1,0,975.1,195,1.4,108,90
18.9,0.11,-20,0,15.6,0,0,0,0,0,0,27.5,81.2,0,975.3,196,1.5,109,130
19,0.11,-20,0,15.7,0,0,0,0,0,0,27.5,80.9,0,975.8,193,1.5,109,260
19,0.11,-20,0,15.7,0,0,0,0,0,0,27.5,80.9,0,975.8,193,1.5,109,390
18.4,0.11,-34,0,15.3,0,0,0,0,0,0,27.6,82.2,0,974.3,196,1.3,104,2
18.4,0.11,-34,0,15.3,0,0,0,0,0,0,27.6,82.2,0,974.3,196,1.3,104,50
20,0.11,-67,41.2,15.4,67,0,0,67,61,67,28.9,74.7,0,975.1,172,0.9,79,60
20.1,0.11,-67,40.9,15.4,68,0,0,68,61,68,28.9,74.5,0,975.6,169,0.9,79,260
20.1,0.11,-67,40.9,15.4,68,0,0,68,61,68,28.9,74.5,0,975.6,169,0.9,79,180
21.3,0.11,-77,19.7,15.7,168,124,47,216,172,310,29.2,70.4,0,974.4,172,0.9,69,0
21.3,0.11,-77,19.7,15.7,168,124,47,216,172,310,29.2,70.4,0,974.4,172,0.9,69,3
26.4,0.11,-112,0,14.8,172,702,550,722,658,817,30.7,48.8,0,975.8,214,1.7,38,40
26.4,0.11,-112,0,14.8,172,701,549,722,657,816,30.7,48.9,0,976.2,213,1.7,38,18
26.4,0.11,-112,0,14.8,172,701,549,722,657,816,30.7,48.9,0,976.2,213,1.7,38,100
27.8,0.11,-131,0,14.9,156,773,674,830,790,839,30.2,45.2,0,974.9,220,2,29,1
27.8,0.11,-131,0,14.9,156,773,674,830,790,839,30.2,45.2,0,974.9,220,2,29,6
30.2,0.11,135,0,16.7,151,790,696,847,811,845,27.3,44.2,0,975.1,224,2.7,28,10
30,0.11,115,0,16,145,764,611,756,698,843,27.3,42.8,0,975.4,222,2.8,37,65
30,0.11,115,0,16,145,764,611,756,698,843,27.3,42.8,0,975.4,222,2.8,37,80
30.2,0.11,135,0,16.6,150,792,698,848,812,847,27.3,43.9,0,974.3,224,2.6,28,2
30.2,0.11,135,0,16.6,150,792,698,848,812,847,27.3,43.9,0,974.3,224,2.6,28,60
27.9,0.11,79,0,16.1,94,538,206,300,171,636,27.2,48.9,0,974.9,215,2.3,68,130
27.9,0.11,79,0,16.2,94,536,206,300,171,635,27.2,48.8,0,975.3,214,2.3,68,100
27.9,0.11,79,0,16.2,94,536,206,300,171,635,27.2,48.8,0,975.3,214,2.3,68,130
26.6,0.11,69,0,17,61,347,77,137,45,269,27.1,55.4,0,974.2,211,1.8,78,5
26.6,0.11,69,0,17,61,347,77,137,45,269,27.1,55.4,0,974.2,211,1.8,78,5
22.5,0.11,36,0,17.6,0,0,0,0,0,0,27.3,73.9,0,975.9,195,1.5,103,85
22.6,0.11,36,0,17.6,0,0,0,0,0,0,27.4,73.7,0,976.4,193,1.5,103,130
22.6,0.11,36,0,17.6,0,0,0,0,0,0,27.4,73.7,0,976.4,193,1.5,103,260
21.4,0.11,23,0,17.6,0,0,0,0,0,0,27.4,79.3,0,975.3,196,1.7,108,7
21.4,0.11,23,0,17.6,0,0,0,0,0,0,27.4,79.3,0,975.3,196,1.7,108,10
20,0.11,-20,0,17.3,0,0,0,0,0,0,28.6,84.2,0,976,192,2.1,109,18
20.1,0.11,-20,0,17.3,0,0,0,0,0,0,28.7,83.9,0,976.5,191,2.1,109,350
20.1,0.11,-20,0,17.3,0,0,0,0,0,0,28.7,83.9,0,976.5,191,2.1,109,100
19.8,0.11,-21,0,17.2,0,0,0,0,0,0,28.5,84.9,0,975.2,195,2.1,109,3
19.8,0.11,-21,0,17.2,0,0,0,0,0,0,28.5,84.9,0,975.2,195,2.1,109,60
21.1,0.11,-67,32,16.4,77,4,1,78,70,80,27.7,74.6,0,976,185,1.3,80,100
21.2,0.11,-67,32.6,16.5,76,4,1,77,69,80,27.7,74.5,0,976.5,183,1.3,80,80
22.5,0.11,-77,15.8,17,160,167,62,222,168,347,27.9,71.1,0,976.8,184,1.1,70,100
22.4,0.11,-77,13,17,147,226,86,233,167,394,27.8,71.5,0,975.5,188,1.1,69,1
22.4,0.11,-77,13,17,147,226,86,233,167,394,27.8,71.5,0,975.5,188,1.1,69,30
27.6,0.11,-112,0,17.6,191,670,525,715,650,804,27.9,54.5,0,976.7,217,1.9,38,18
27.6,0.11,-112,0,17.7,192,667,523,714,649,803,27.9,54.6,0,977.1,216,1.9,38,5
27.6,0.11,-112,0,17.7,192,667,523,714,649,803,27.9,54.6,0,977.1,216,1.9,38,350
29,0.11,-131,2.7,17.7,208,688,598,806,760,808,27.9,50.4,0,975.8,221,2.2,29,5
29,0.11,-131,2.7,17.7,208,688,598,806,760,808,27.9,50.4,0,975.8,221,2.2,29,5
31.5,0.11,136,0,18.2,207,700,617,824,780,813,27.6,45,0,975.8,226,3.1,28,32
31.5,0.11,136,0,18.2,208,699,616,823,780,812,27.6,45.2,0,976.2,226,3.1,28,3
31.5,0.11,136,0,18.2,208,699,616,823,780,812,27.6,45.2,0,976.2,226,3.1,28,60
31.6,0.11,135,0,18.1,206,703,619,825,781,814,27.6,44.7,0,975,226,3.1,28,0
31.6,0.11,135,0,18.1,206,703,619,825,781,814,27.6,44.7,0,975,226,3.1,28,28
29.1,0.11,79,1.3,18.5,125,390,151,276,176,533,25.6,52.9,0,975.6,215,2.6,68,24
29.1,0.11,79,1.1,18.5,124,394,152,277,176,536,25.7,53,0,976,214,2.6,68,20
29.1,0.11,79,1.1,18.5,124,394,152,277,176,536,25.7,53,0,976,214,2.6,68,390
27.8,0.11,69,0,19,70,242,54,124,56,224,24.9,58.7,0,974.8,208,2.2,78,8
27.8,0.11,69,0,19,70,242,54,124,56,224,24.9,58.7,0,974.8,208,2.2,78,240
23.5,0.11,36,0,18.9,0,0,0,0,0,0,24.3,75.4,0,976.3,197,1.5,103,13
23.5,0.11,36,0,18.9,0,0,0,0,0,0,24.4,75.2,0,976.8,195,1.5,103,25
23.5,0.11,36,0,18.9,0,0,0,0,0,0,24.4,75.2,0,976.8,195,1.5,103,1300
22.3,0.11,23,0,18.8,0,0,0,0,0,0,24.5,80.6,0,975.5,196,1.5,108,6
22.3,0.11,23,0,18.8,0,0,0,0,0,0,24.5,80.6,0,975.5,196,1.5,108,80
20.6,0.11,-20,0,18.5,0,0,0,0,0,0,26.2,87.9,0,975.5,189,1.6,109,130
20.6,0.11,-20,0,18.5,0,0,0,0,0,0,26.3,87.7,0,975.9,188,1.6,109,84
20.6,0.11,-20,0,18.5,0,0,0,0,0,0,26.3,87.7,0,975.9,188,1.6,109,1300
20.3,0.11,-34,0,18,0,0,0,0,0,0,25.7,86.6,0,974.6,187,1.6,104,4
20.3,0.11,-34,0,18,0,0,0,0,0,0,25.7,86.6,0,974.6,187,1.6,104,55
22.2,0.11,-67,30.5,18.5,68,0,0,68,62,69,24.3,79.2,0,975.4,180,1.4,80,18
23.6,0.11,-77,7.3,19.1,143,223,82,225,159,384,23.8,76,0,976,183,1.4,70,40
23.6,0.11,-77,7.3,19.1,143,223,82,225,159,384,23.8,76,0,976,183,1.4,70,650
23.5,0.11,-77,4.6,19.1,129,282,105,235,157,429,23.7,76.1,0,974.7,187,1.4,70,28
23.5,0.11,-77,4.6,19.1,129,282,105,235,157,429,23.7,76.1,0,974.7,187,1.4,70,38
30.4,0.11,-131,0,18,183,738,642,825,780,829,23.3,47.7,0,975.6,230,2.1,30,10
30.3,0.11,-131,0,18.1,184,737,640,824,780,828,23.3,47.9,0,976,230,2.1,30,25
30.3,0.11,-131,0,18.1,184,737,640,824,780,828,23.3,47.9,0,976,230,2.1,30,260
29,0.11,-112,0,18.2,207,645,505,712,647,797,23.1,52.2,0,974.9,226,2,38,8
29,0.11,-112,0,18.2,207,645,505,712,647,797,23.1,52.2,0,974.9,226,2,38,60
32.7,0.11,136,0,17.5,176,754,664,840,800,833,23.6,40.5,0,974.8,227,1.8,28,7
32.7,0.11,136,0,17.6,176,753,663,840,800,832,23.6,40.6,0,975.3,227,1.9,28,18
32.7,0.11,136,0,17.6,176,753,663,840,800,832,23.6,40.6,0,975.3,227,1.9,28,66
32.7,0.11,136,0,17.5,175,757,666,841,801,834,23.7,40.2,0,974,228,1.8,28,4
32.7,0.11,136,0,17.5,175,757,666,841,801,834,23.7,40.2,0,974,228,1.8,28,30
30.7,0.11,79,6.2,16.9,147,309,118,266,181,479,22.5,43.7,0,974.5,240,1.7,68,18
30.7,0.11,79,5.5,16.9,144,321,123,267,180,488,22.4,43.6,0,975,240,1.7,68,52
30.7,0.11,79,5.5,16.9,144,321,123,267,180,488,22.4,43.6,0,975,240,1.7,68,390
29.2,0.11,69,4.6,18.2,77,179,44,120,65,210,22.2,51.3,0,973.8,249,1.3,78,15
29.2,0.11,69,4.6,18.2,77,179,44,120,65,210,22.2,51.3,0,973.8,249,1.3,78,70
25.3,0.11,36,0,18.4,0,0,0,0,0,0,21.3,65.8,0,975.4,318,1.8,103,25
25.3,0.11,36,0,18.4,0,0,0,0,0,0,21.1,65.6,0,975.8,319,1.8,103,150
25.3,0.11,36,0,18.4,0,0,0,0,0,0,21.1,65.6,0,975.8,319,1.8,103,260
25.2,0.11,36,0,18.5,0,0,0,0,0,0,21.5,66.4,0,974.6,317,1.8,103,15
25.2,0.11,36,0,18.5,0,0,0,0,0,0,21.5,66.4,0,974.6,317,1.8,103,100
21.4,0.11,-20,0,18.4,0,0,0,0,0,0,22.2,82.9,0,974.9,62,1.4,109,3
21.4,0.11,-20,0,18.4,0,0,0,0,0,0,22.1,82.7,0,975.3,62,1.4,109,32
21.4,0.11,-20,0,18.4,0,0,0,0,0,0,22.1,82.7,0,975.3,62,1.4,109,130
21.3,0.11,-20,0,18.4,0,0,0,0,0,0,22.5,83.6,0,974.1,61,1.5,109,15
20.7,0.11,-34,0,18.1,0,0,0,0,0,0,23.7,85,0,974.2,55,1.5,104,36
22,0.11,-67,38.5,18.6,62,0,0,62,57,62,28.1,80.6,0,975.6,49,2.4,80,50
22.1,0.11,-67,38.6,18.6,62,0,0,62,56,62,28.1,80.4,0,976,49,2.4,80,80
22.1,0.11,-67,38.6,18.6,62,0,0,62,56,62,28.1,80.4,0,976,49,2.4,80,85
20.7,0.11,-34,0,18.1,0,0,0,0,0,0,23.7,85,0,974.2,55,1.5,104,0
20.7,0.11,-34,0,18.1,0,0,0,0,0,0,23.7,85,0,974.2,55,1.5,104,70
29,0.11,-112,0,19.1,193,657,513,706,643,796,32.2,55,0,976.3,68,3,39,8
29.1,0.11,-112,0,19.1,193,656,512,705,642,795,32.3,55,0,976.7,68,3,39,130
29.1,0.11,-112,0,19.1,193,656,512,705,642,795,32.3,55,0,976.7,68,3,39,65
30.4,0.11,-131,3.7,19.2,264,587,510,774,728,774,32.9,51.1,0,975.4,82,2.9,30,2
30.4,0.11,-131,3.7,19.2,264,587,510,774,728,774,32.9,51.1,0,975.4,82,2.9,30,11
32.2,0.11,136,0,19.8,199,702,618,817,777,808,35.6,47.9,0,975.3,131,3.8,28,38
32.2,0.11,136,0,19.8,199,701,617,817,776,808,35.6,47.9,0,975.7,131,3.8,28,27
32.2,0.11,136,0,19.8,199,701,617,817,776,808,35.6,47.9,0,975.7,131,3.8,28,530
32.2,0.11,136,0,19.7,198,705,620,818,777,809,35.6,47.8,0,974.5,129,3.7,28,1
32.2,0.11,136,0,19.7,198,705,620,818,777,809,35.6,47.8,0,974.5,129,3.7,28,30
29.4,0.11,79,1.5,19.6,116,422,164,280,175,554,33.6,55.6,0,974.7,149,2.2,68,110
29.5,0.11,79,1.4,19.6,116,424,165,280,175,556,33.5,55.4,0,975.2,149,2.3,68,180
29.5,0.11,79,1.4,19.6,116,424,165,280,175,556,33.5,55.4,0,975.2,149,2.3,68,1300
28.5,0.11,69,11,20.4,70,198,48,118,58,217,33.1,61.5,0,973.9,148,1.5,78,5
28.5,0.11,69,11,20.4,70,198,48,118,58,217,33.1,61.5,0,973.9,148,1.5,78,30
25.2,0.11,36,0,20.2,0,0,0,0,0,0,31.9,73.6,0,975,127,1.8,103,6
25.3,0.11,36,0,20.1,0,0,0,0,0,0,31.8,73.2,0,975.5,126,1.8,103,100
25.3,0.11,36,0,20.1,0,0,0,0,0,0,31.8,73.2,0,975.5,126,1.8,103,1300
25.1,0.11,36,0,20.3,0,0,0,0,0,0,32,74.5,0,974.2,130,1.8,103,12
25.1,0.11,36,0,20.3,0,0,0,0,0,0,32,74.5,0,974.2,130,1.8,103,40
22.6,0.11,-20,0,20.5,0,0,0,0,0,0,35.4,87.6,0,974.3,99,2.5,109,160
22.7,0.11,-20,0,20.5,0,0,0,0,0,0,35.5,87.3,0,974.7,98,2.5,109,200
22.7,0.11,-20,0,20.5,0,0,0,0,0,0,35.5,87.3,0,974.7,98,2.5,109,260
22.2,0.11,-34,0,20,0,0,0,0,0,0,35.5,87.1,0,973.4,107,2.1,104,10
22.2,0.11,-34,0,20,0,0,0,0,0,0,35.5,87.1,0,973.4,107,2.1,104,80
23.2,0.11,-67,45.2,20.1,55,0,0,55,50,55,35.6,83,0,974.4,143,0.7,80,80
23.2,0.11,-67,46.3,20.2,54,0,0,54,49,54,35.8,82.9,0,974.9,142,0.7,80,180
23.2,0.11,-67,46.3,20.2,54,0,0,54,49,54,35.8,82.9,0,974.9,142,0.7,80,160
24,0.11,-77,19.8,20.6,167,86,34,200,166,266,35.2,81.5,0,973.9,185,0.4,70,0
24,0.11,-77,19.8,20.6,167,86,34,200,166,266,35.2,81.5,0,973.9,185,0.4,70,4
27,0.11,-112,0,20.2,202,641,500,702,639,790,35.1,66.3,0,975,225,1.4,39,15
26.9,0.11,-112,0,20.2,202,640,499,701,638,789,35.2,66.7,0,975.4,226,1.4,39,60
26.9,0.11,-112,0,20.2,202,640,499,701,638,789,35.2,66.7,0,975.4,226,1.4,39,180
28.1,0.11,-131,3.8,20,278,567,492,770,723,770,34.9,61.5,0,974,220,1.7,30,5
28.1,0.11,-131,3.8,20,278,567,492,770,723,770,34.9,61.5,0,974,220,1.7,30,80
30.1,0.11,136,4.7,20.4,278,571,501,780,737,772,35.3,56.1,0,973.7,213,2.4,28,130
30,0.11,136,5.9,20.5,292,544,478,770,729,763,35.4,56.6,0,974.1,214,2.4,28,1
30,0.11,136,5.9,20.5,292,544,478,770,729,763,35.4,56.6,0,974.1,214,2.4,28,13
30.2,0.11,136,3.4,20.2,258,607,534,792,748,781,35.2,55,0,972.9,210,2.3,28,2
30.2,0.11,136,3.4,20.2,258,607,534,792,748,781,35.2,55,0,972.9,210,2.3,28,7
27.2,0.11,79,11.6,19.3,162,232,84,246,177,409,34.4,62.1,0,973.8,224,0.9,68,18
26.6,0.11,69,1.4,19.6,69,260,58,127,54,235,33.2,65.3,0,974.2,219,0.5,78,25
26.6,0.11,69,1.4,19.6,69,260,58,127,54,235,33.2,65.3,0,974.2,219,0.5,78,1300
27.1,0.11,79,6.7,19.3,146,307,114,260,176,471,34.4,62.2,0,973,225,0.9,68,9
27.1,0.11,79,6.7,19.3,146,307,114,260,176,471,34.4,62.2,0,973,225,0.9,68,35
23,0.11,36,0,20.1,0,0,0,0,0,0,29.7,83.7,0,974.2,197,1.3,103,26
23.1,0.11,36,0,20.1,0,0,0,0,0,0,29.7,83.5,0,974.7,195,1.3,103,15
23.1,0.11,36,0,20.1,0,0,0,0,0,0,29.7,83.5,0,974.7,195,1.3,103,390
22.2,0.11,23,0,20.1,0,0,0,0,0,0,28.7,87.8,0,973.4,211,1.1,108,10
22.2,0.11,23,0,20.1,0,0,0,0,0,0,28.7,87.8,0,973.4,211,1.1,108,80
21.4,0.11,-20,0,19.1,0,0,0,0,0,0,25.9,86.8,0,973.6,329,1.5,109,60
21.5,0.11,-20,0,19.2,0,0,0,0,0,0,25.8,86.5,0,974,330,1.6,109,4
21.5,0.11,-20,0,19.2,0,0,0,0,0,0,25.8,86.5,0,974,330,1.6,109,28
20.7,0.11,-34,0,18.6,0,0,0,0,0,0,26.2,88.1,0,972.7,354,1.3,104,1
20.7,0.11,-34,0,18.6,0,0,0,0,0,0,26.2,88.1,0,972.7,354,1.3,104,50
21.3,0.11,-67,22.5,18.9,78,39,10,88,70,110,26.6,85.9,0,973.5,30,1.6,80,40
21.4,0.11,-67,24,18.9,78,35,8,86,69,106,26.5,85.7,0,974,30,1.6,80,30
21.4,0.11,-67,24,18.9,78,35,8,86,69,106,26.5,85.7,0,974,30,1.6,80,25
22.4,0.11,-77,1.4,19.6,90,495,175,266,143,583,26.9,84.2,0,972.8,32,1.5,70,14
22.4,0.11,-77,1.4,19.6,90,495,175,266,143,583,26.9,84.2,0,972.8,32,1.5,70,6
26.9,0.11,-112,0,17.8,140,763,594,734,674,843,27.5,57.4,0,973.6,160,0.1,39,13
27,0.11,-112,0,17.8,139,764,595,734,674,843,27.4,57.2,0,974.1,159,0.1,39,5
27,0.11,-112,0,17.8,139,764,595,734,674,843,27.4,57.2,0,974.1,159,0.1,39,50
26.8,0.11,-112,0.3,17.9,146,754,587,733,672,840,27.5,58,0,972.8,161,0.1,39,1
26.8,0.11,-112,0.3,17.9,146,754,587,733,672,840,27.5,58,0,972.8,161,0.1,39,3
31,0.11,116,0,14.9,181,704,563,743,684,819,28.1,37.7,0,972.2,203,2.1,37,15
31.1,0.11,136,0,15.8,181,745,655,837,799,828,27.9,39.8,0,973,202,1.8,28,2
31.1,0.11,136,0,15.8,181,745,655,837,799,828,27.9,39.8,0,973,202,1.8,28,5
31.1,0.11,136,0,15.8,183,743,654,837,798,828,28,39.6,0,971.7,200,1.8,28,0
31.1,0.11,136,0,15.8,183,743,654,837,798,828,28,39.6,0,971.7,200,1.8,28,624
29,0.11,79,20.3,15.2,158,178,66,224,168,343,29.2,43,0,971.8,199,2,68,910
29.1,0.11,79,17.5,15.2,160,192,73,232,174,358,29.2,42.8,0,972.2,200,2,68,200
29.1,0.11,79,17.5,15.2,160,192,73,232,174,358,29.2,42.8,0,972.2,200,2,68,25
27.8,0.11,69,1.9,16.4,71,231,52,123,57,222,29.8,50,0,971,190,1.5,78,12
27.8,0.11,69,1.9,16.4,71,231,52,123,57,222,29.8,50,0,971,190,1.5,78,13
24.1,0.11,36,0,18,0,0,0,0,0,0,31.8,68.5,0,972.6,165,1.8,103,1534
24.2,0.11,36,0,17.9,0,0,0,0,0,0,31.8,68.1,0,973,165,1.8,103,37
24.2,0.11,36,0,17.9,0,0,0,0,0,0,31.8,68.1,0,973,165,1.8,103,1170
22.9,0.11,23,0,18.3,0,0,0,0,0,0,32.6,75.3,0,971.9,162,1.9,108,29
22.9,0.11,23,0,18.3,0,0,0,0,0,0,32.6,75.3,0,971.9,162,1.9,108,50
21,0.11,-20,0,18.9,0,0,0,0,0,0,35.1,87.7,0,972.4,156,1.3,109,1080
21.1,0.11,-20,0,18.9,0,0,0,0,0,0,35.2,87.4,0,972.8,156,1.3,109,1430
21.1,0.11,-20,0,18.9,0,0,0,0,0,0,35.2,87.4,0,972.8,156,1.3,109,1560
20.8,0.11,-34,0,18.8,0,0,0,0,0,0,35.1,88.3,0,971.4,135,1.1,104,64
20.8,0.11,-34,0,18.8,0,0,0,0,0,0,35.1,88.3,0,971.4,135,1.1,104,650
22.3,0.11,-68,51.6,19.5,43,0,0,43,39,43,35.2,84.3,0,972.3,72,0.7,80,480
22.4,0.11,-68,53.6,19.5,41,0,0,41,37,41,35.3,84.1,0,972.7,70,0.7,80,533
22.4,0.11,-68,53.6,19.5,41,0,0,41,37,41,35.3,84.1,0,972.7,70,0.7,80,66
23.3,0.11,-77,35.1,20.1,158,0,0,158,143,158,35.1,82,0,971.7,50,0.6,70,40
23.3,0.11,-77,35.1,20.1,158,0,0,158,143,158,35.1,82,0,971.7,50,0.6,70,2
27.4,0.11,-131,4.6,18.7,257,600,519,776,732,777,34.1,58.8,0,972.9,161,1.1,30,3
27.5,0.11,-131,4.1,18.6,249,613,531,780,736,781,34.2,58.7,0,973.3,161,1,30,70
27.5,0.11,-131,4.1,18.6,249,613,531,780,736,781,34.2,58.7,0,973.3,161,1,30,520
26.3,0.11,-112,1.9,18.9,215,618,481,696,635,782,34.5,63.6,0,972.2,142,0.6,39,116
26.3,0.11,-112,1.9,18.9,215,618,481,696,635,782,34.5,63.6,0,972.2,142,0.6,39,54
29.9,0.11,136,60.2,19.2,274,66,59,333,308,330,32.3,52.9,0,972.3,173,3,28,351
29,0.11,116,81.7,18.7,134,0,0,134,121,134,32.3,53.8,0,972.8,180,2.8,37,520
29,0.11,116,81.7,18.7,134,0,0,134,121,134,32.3,53.8,0,972.8,180,2.8,37,1300
29,0.11,116,79,18.6,155,0,0,155,140,155,32.1,53.4,0,971.6,180,2.7,37,10
29,0.11,116,79,18.6,155,0,0,155,140,155,32.1,53.4,0,971.6,180,2.7,37,4
26.9,0.11,79,0,18.6,112,446,171,283,174,573,31.1,60.5,0,972.3,197,1.4,68,2000
27,0.11,79,0,18.7,112,446,171,283,174,573,31.2,60.5,0,972.8,196,1.4,68,10
27,0.11,79,0,18.7,112,446,171,283,174,573,31.2,60.5,0,972.8,196,1.4,68,1690
26.9,0.11,79,0,18.6,112,445,170,282,173,572,31.1,60.6,0,971.5,199,1.3,68,25
26.9,0.11,79,0,18.6,112,445,170,282,173,572,31.1,60.6,0,971.5,199,1.3,68,260
23.8,0.11,37,0,19.4,0,0,0,0,0,0,29.1,76,0,972.3,87,0.9,103,1430
23.8,0.11,37,0,19.4,0,0,0,0,0,0,29.1,76.1,0,972.8,88,0.9,103,12
23.8,0.11,37,0,19.4,0,0,0,0,0,0,29.1,76.1,0,972.8,88,0.9,103,70
22.8,0.11,23,0,19.1,0,0,0,0,0,0,29.3,79.8,0,971.6,83,1.2,108,10
22.8,0.11,23,0,19.1,0,0,0,0,0,0,29.3,79.8,0,971.6,83,1.2,108,100
19.9,0.11,-20,0,18,0,0,0,0,0,0,31.6,88.7,0,972.1,77,1.4,109,1170
19.9,0.11,-20,0,18,0,0,0,0,0,0,31.7,88.8,0,972.5,77,1.4,109,60
19.9,0.11,-20,0,18,0,0,0,0,0,0,31.7,88.8,0,972.5,77,1.4,109,40
20,0.11,-34,0,17.8,0,0,0,0,0,0,31.3,87.4,0,971.1,86,1.2,104,5
20,0.11,-34,0,17.8,0,0,0,0,0,0,31.3,87.4,0,971.1,86,1.2,104,65
22,0.11,-68,36.6,18.6,64,4,1,65,59,68,31,81,0,971.8,84,0.9,80,12
22,0.11,-68,38.8,18.6,63,4,1,64,57,66,31.1,81,0,972.3,82,0.9,80,20
22,0.11,-68,38.8,18.6,63,4,1,64,57,66,31.1,81,0,972.3,82,0.9,80,15
23.1,0.11,-77,6.2,19.2,128,285,104,232,155,431,30.8,78.5,0,971.1,82,1,70,4
23.1,0.11,-77,6.2,19.2,128,285,104,232,155,431,30.8,78.5,0,971.1,82,1,70,4
26.7,0.11,-112,25.3,17.5,443,98,74,516,472,538,31.8,57,0,972.1,174,1.7,39,3
26.7,0.11,-112,26.6,17.6,431,100,76,508,464,528,31.9,57.2,0,972.6,174,1.7,39,22
26.7,0.11,-112,26.6,17.6,431,100,76,508,464,528,31.9,57.2,0,972.6,174,1.7,39,650
26.8,0.11,-112,21.3,17.4,418,168,125,542,494,579,31.7,56.5,0,971.3,175,1.7,39,2
26.8,0.11,-112,21.3,17.4,418,168,125,542,494,579,31.7,56.5,0,971.3,175,1.7,39,0
28.1,0.11,137,10.8,17.7,314,482,421,736,693,731,31.3,53,0,972.1,188,0.8,28,8
28.1,0.11,137,10.5,17.7,337,459,402,739,699,735,31.3,53.4,0,972.5,191,0.8,28,7
28.1,0.11,137,10.5,17.7,337,459,402,739,699,735,31.3,53.4,0,972.5,191,0.8,28,15
28.2,0.11,136,16.6,17.5,356,379,331,687,649,688,31.4,52.4,0,971.3,183,0.9,28,5
28.2,0.11,136,16.6,17.5,356,379,331,687,649,688,31.4,52.4,0,971.3,183,0.9,28,25
26.8,0.11,80,6,18.1,138,347,129,268,177,507,31.1,59.1,0,972.2,286,0.2,68,3
26.8,0.11,80,4.4,18.1,130,381,143,273,175,530,31.1,58.9,0,972.7,293,0.2,68,25
26.8,0.11,80,4.4,18.1,130,381,143,273,175,530,31.1,58.9,0,972.7,293,0.2,68,80
26.3,0.11,70,7.4,19.3,72,210,47,120,60,206,30.6,65.5,0,971.4,89,0.1,78,0
26.3,0.11,70,7.4,19.3,72,210,47,120,60,206,30.6,65.5,0,971.4,89,0.1,78,23
24.6,0.11,37,0,18.5,0,0,0,0,0,0,30.7,68.9,0,973,242,0.9,103,5
24.7,0.11,37,0,18.5,0,0,0,0,0,0,30.8,68.4,0,973.4,245,0.9,103,17
24.7,0.11,37,0,18.5,0,0,0,0,0,0,30.8,68.4,0,973.4,245,0.9,103,32
23.4,0.11,23,0,18.2,0,0,0,0,0,0,31.5,72.3,0,972.3,251,0.7,108,0
23.4,0.11,23,0,18.2,0,0,0,0,0,0,31.5,72.3,0,972.3,251,0.7,108,78
19.3,0.11,-34,0,16.8,0,0,0,0,0,0,34.6,85.7,0,973.1,28,1.7,104,12
19.8,0.11,-20,0,17.1,0,0,0,0,0,0,35.1,84.6,0,973.6,27,1.9,109,12
19.8,0.11,-20,0,17.1,0,0,0,0,0,0,35.1,84.6,0,973.6,27,1.9,109,560
19.5,0.11,-20,0,17.1,0,0,0,0,0,0,35.3,86,0,972.4,29,1.8,109,0
19.5,0.11,-20,0,17.1,0,0,0,0,0,0,35.3,86,0,972.4,29,1.8,109,60
20.5,0.11,-68,30.9,17.6,71,3,1,71,64,73,32.7,83.3,0,973.1,16,1,80,39
20.5,0.11,-68,32,17.5,70,2,1,70,63,72,32.7,82.9,0,973.6,15,1.1,80,77
20.5,0.11,-68,32,17.5,70,2,1,70,63,72,32.7,82.9,0,973.6,15,1.1,80,52
21.6,0.11,-78,8.6,18.4,125,299,110,235,155,440,32.3,82.2,0,972.4,2,0.7,70,12
21.6,0.11,-78,8.6,18.4,125,299,110,235,155,440,32.3,82.2,0,972.4,2,0.7,70,4
25.3,0.11,-112,0.5,17.3,169,706,547,716,656,816,30,61,0,973.6,246,1.3,39,0
25.4,0.11,-112,0.9,17.2,173,696,540,714,653,813,29.9,60.3,0,974,247,1.3,39,38
25.4,0.11,-112,0.9,17.2,173,696,540,714,653,813,29.9,60.3,0,974,247,1.3,39,36
25.2,0.11,-113,1.3,17.5,180,685,531,712,651,809,30.2,62.5,0,972.7,244,1.3,39,5
25.2,0.11,-113,1.3,17.5,180,685,531,712,651,809,30.2,62.5,0,972.7,244,1.3,39,72
29.4,0.11,137,0.5,17.4,146,798,701,847,819,845,26.4,48.7,0,973.5,230,3.7,29,6
29.4,0.11,137,1.1,17.4,157,780,685,841,812,839,26.3,48.3,0,974,230,3.7,29,3
29.4,0.11,137,1.1,17.4,157,780,685,841,812,839,26.3,48.3,0,974,230,3.7,29,40
29.3,0.11,137,0.9,17.6,152,788,691,844,814,842,26.5,49.4,0,972.8,230,3.6,29,0
29.3,0.11,137,0.9,17.6,152,788,691,844,814,842,26.5,49.4,0,972.8,230,3.6,29,7
26.8,0.11,80,0,15.3,78,613,233,311,175,688,22.5,49.5,0,973.2,236,3.1,68,40
25.9,0.11,70,0,15.4,51,441,95,147,38,305,21.5,52.2,0,973.7,235,2.3,78,7
25.9,0.11,70,0,15.4,51,441,95,147,38,305,21.5,52.2,0,973.7,235,2.3,78,650
25.8,0.11,70,0,15.6,51,443,95,146,37,303,21.6,53.4,0,972.4,236,2.2,78,2
25.8,0.11,70,0,15.6,51,443,95,146,37,303,21.6,53.4,0,972.4,236,2.2,78,26
21.7,0.11,37,0,16.3,0,0,0,0,0,0,20.4,71.7,0,974,219,2.2,103,4
21.7,0.11,37,0,16.3,0,0,0,0,0,0,20.4,71.3,0,974.4,219,2.2,103,30
21.7,0.11,37,0,16.3,0,0,0,0,0,0,20.4,71.3,0,974.4,219,2.2,103,1820
21.6,0.11,37,0,16.4,0,0,0,0,0,0,20.4,72.4,0,973.2,220,2.2,103,7
21.6,0.11,37,0,16.4,0,0,0,0,0,0,20.4,72.4,0,973.2,220,2.2,103,65
20.2,0.11,-20,0,16.9,0,0,0,0,0,0,20.8,81.4,0,973.8,238,2.4,109,56
20.3,0.11,-20,0,16.9,0,0,0,0,0,0,20.8,81.2,0,974.3,239,2.4,109,35
20.3,0.11,-20,0,16.9,0,0,0,0,0,0,20.8,81.2,0,974.3,239,2.4,109,64
20,0.11,-20,0,16.8,0,0,0,0,0,0,20.7,82.2,0,973,239,2.4,109,21
20,0.11,-20,0,16.8,0,0,0,0,0,0,20.7,82.2,0,973,239,2.4,109,150
21,0.11,-68,23,17.6,73,80,18,91,62,128,20.8,80.9,0,973.8,248,1.6,80,74
21.1,0.11,-68,23.3,17.6,73,79,18,90,62,127,20.8,80.8,0,974.3,249,1.5,80,11
21.1,0.11,-68,23.3,17.6,73,79,18,90,62,127,20.8,80.8,0,974.3,249,1.5,80,1326
20.9,0.11,-68,22.6,17.5,74,82,18,92,63,129,20.7,81.3,0,973,248,1.6,80,6
20.9,0.11,-68,22.6,17.5,74,82,18,92,63,129,20.7,81.3,0,973,248,1.6,80,4
26.5,0.11,-113,0,16.4,108,827,641,749,697,875,21.4,54.1,0,973.9,229,1.9,39,25
26.5,0.11,-113,0,16.5,109,827,640,749,696,875,21.5,54.1,0,974.4,229,1.9,39,11
26.5,0.11,-113,0,16.5,109,827,640,749,696,875,21.5,54.1,0,974.4,229,1.9,39,196
26.4,0.11,-113,0,16.4,108,829,643,751,699,876,21.3,53.9,0,973.1,229,1.9,39,5
26.4,0.11,-113,0,16.4,108,829,643,751,699,876,21.3,53.9,0,973.1,229,1.9,39,3
30.2,0.11,137,0.3,16,123,842,739,862,840,866,22.1,42.3,0,973,230,4.4,29,0
30.2,0.11,137,0.7,16,131,829,727,858,834,861,22.1,42.5,0,973.4,229,4.4,29,9
30.2,0.11,137,0.7,16,131,829,727,858,834,861,22.1,42.5,0,973.4,229,4.4,29,37
30.2,0.11,137,0,15.9,117,853,748,865,845,871,22,42.1,0,972.2,230,4.5,29,0
29.8,0.11,166,0.6,16.2,124,852,781,905,897,861,22.2,44,0,972.4,230,4,24,127
28,0.11,80,0,15.2,73,637,241,315,176,705,20.4,45.9,0,972.1,222,3.3,68,56
26.8,0.11,70,0,16.1,49,460,99,148,36,312,20.4,51.9,0,972.4,212,2.4,78,2340
26.8,0.11,70,0,16.1,49,460,99,148,36,312,20.4,51.9,0,972.4,212,2.4,78,2080
26.7,0.11,70,0,16.1,49,462,99,148,36,310,20.2,52.1,0,971.2,213,2.4,78,7
26.7,0.11,70,0,16.1,49,462,99,148,36,310,20.2,52.1,0,971.2,213,2.4,78,1040
22.5,0.11,37,0,17.3,0,0,0,0,0,0,22.8,72.5,0,972.8,187,1.8,103,35
22.6,0.11,37,0,17.3,0,0,0,0,0,0,22.9,72.2,0,973.2,186,1.8,103,84
22.6,0.11,37,0,17.3,0,0,0,0,0,0,22.9,72.2,0,973.2,186,1.8,103,1248
21.3,0.11,23,0,17.5,0,0,0,0,0,0,23,78.8,0,972.1,190,2,109,3
21.3,0.11,23,0,17.5,0,0,0,0,0,0,23,78.8,0,972.1,190,2,109,138
20.1,0.11,-20,0,17.6,0,0,0,0,0,0,23.2,85.7,0,972.8,209,2.9,109,4
20.2,0.11,-20,0,17.7,0,0,0,0,0,0,23.3,85.5,0,973.3,209,2.9,109,10
20.2,0.11,-20,0,17.7,0,0,0,0,0,0,23.3,85.5,0,973.3,209,2.9,109,624
20,0.11,-34,0,17.4,0,0,0,0,0,0,23.2,84.8,0,972,209,2.6,105,2
20,0.11,-34,0,17.4,0,0,0,0,0,0,23.2,84.8,0,972,209,2.6,105,290
21.9,0.11,-68,18,18.6,72,102,20,92,60,126,23.5,81.5,0,972.9,215,1.5,80,403
21.9,0.11,-68,19.6,18.6,73,83,17,90,62,120,23.5,81.5,0,973.4,216,1.4,80,176
21.9,0.11,-68,19.6,18.6,73,83,17,90,62,120,23.5,81.5,0,973.4,216,1.4,80,130
22.7,0.11,-78,39.3,19.3,152,37,14,166,145,194,23.4,81.3,0,972.2,220,1.2,70,10
22.7,0.11,-78,39.3,19.3,152,37,14,166,145,194,23.4,81.3,0,972.2,220,1.2,70,1690
28.8,0.11,-132,0,16.5,101,863,744,845,827,875,23.9,47.5,0,973,225,1.9,30,9
27.5,0.11,-113,0,17.1,103,829,641,744,695,873,23.5,53,0,973.6,229,1.6,39,52
27.5,0.11,-113,0,17.1,103,829,641,744,695,873,23.5,53,0,973.6,229,1.6,39,1456
27.5,0.11,-113,1,16.9,120,799,617,738,685,859,23.5,52.6,0,972.4,227,1.5,39,8
27.5,0.11,-113,1,16.9,120,799,617,738,685,859,23.5,52.6,0,972.4,227,1.5,39,559
31.1,0.11,137,0,16.2,126,830,728,853,833,857,25.5,40.8,0,972.1,217,3.4,29,18
31.1,0.11,137,0,16.3,126,829,727,853,832,856,25.5,40.9,0,972.5,217,3.4,29,40
31.1,0.11,137,0,16.3,126,829,727,853,832,856,25.5,40.9,0,972.5,217,3.4,29,416
30.9,0.11,116,0.8,15.2,132,786,626,759,711,850,25.2,38.4,0,971.2,221,3.6,37,54
30.9,0.11,116,0.8,15.2,132,786,626,759,711,850,25.2,38.4,0,971.2,221,3.6,37,1680
28.8,0.11,80,0,15,74,629,238,311,175,698,22.9,43,0,971.7,224,2.8,68,8
28.9,0.11,80,0,15,74,629,238,311,175,697,22.8,42.9,0,972.2,224,2.8,68,15
28.9,0.11,80,0,15,74,629,238,311,175,697,22.8,42.9,0,972.2,224,2.8,68,52
27.5,0.11,70,0,16,49,452,96,146,36,304,21.9,49.5,0,970.8,221,2,78,5
27.5,0.11,70,0,16,49,452,96,146,36,304,21.9,49.5,0,970.8,221,2,78,70
23.4,0.11,37,0,17.1,0,0,0,0,0,0,21.7,67.5,0,972.3,203,1.9,103,25
23.5,0.11,37,0,17,0,0,0,0,0,0,21.7,67.2,0,972.7,203,1.9,103,36
23.5,0.11,37,0,17,0,0,0,0,0,0,21.7,67.2,0,972.7,203,1.9,103,650
23.3,0.11,37,0,17.1,0,0,0,0,0,0,21.7,68.3,0,971.5,204,1.8,103,9
23.3,0.11,37,0,17.1,0,0,0,0,0,0,21.7,68.3,0,971.5,204,1.8,103,3500
15,0.1,-94,63,14.8,0,0,0,0,0,0,30,98.6,0,982.9,193,2.5,100,1950
15,0.1,-105,53.5,14.8,3,0,0,3,3,3,29.7,98.7,0,983.4,189,2.5,90,1300
15,0.1,-105,53.5,14.8,3,0,0,3,3,3,29.7,98.7,0,983.4,189,2.5,90,1300
14.9,0.1,-105,52.4,14.7,4,0,0,4,4,4,29.6,98.7,0,982.1,191,2.5,90,910
14.9,0.1,-105,52.4,14.7,4,0,0,4,4,4,29.6,98.7,0,982.1,191,2.5,90,780
16,0.1,-142,78.5,15.5,84,0,0,84,76,84,28.4,97.1,0,983.9,202,3.5,64,650
16,0.1,-142,76.9,15.6,90,0,0,90,81,90,28.4,97.1,0,984.3,201,3.5,64,1040
16,0.1,-142,76.9,15.6,90,0,0,90,81,90,28.4,97.1,0,984.3,201,3.5,64,3500
16.6,0.1,-158,60.8,15.7,186,0,0,186,168,186,27.8,94.7,0,983.1,207,3.6,58,160
16.6,0.1,-158,60.8,15.7,186,0,0,186,168,186,27.8,94.7,0,983.1,207,3.6,58,1040
18.1,0.1,150,64.4,15.7,151,0,0,151,137,151,26,85.9,0,983.7,223,3,60,390
18.1,0.1,150,64.2,15.7,152,0,0,152,137,152,26,85.8,0,984.2,223,3,60,650
18.1,0.1,150,64.2,15.7,152,0,0,152,137,152,26,85.8,0,984.2,223,3,60,520
17.7,0.1,135,55.9,15.3,140,0,0,140,127,140,25.4,85.6,0,982.7,221,2.8,67,390
17.7,0.1,135,55.9,15.3,140,0,0,140,127,140,25.4,85.6,0,982.7,221,2.8,67,1040
16,0.1,100,45.9,14.4,0,0,0,0,0,0,23.9,90.6,0,983.6,204,1.9,94,1300
16,0.1,100,44.4,14.4,0,0,0,0,0,0,24,90.5,0,984,204,1.9,94,520
16,0.1,100,44.4,14.4,0,0,0,0,0,0,24,90.5,0,984,204,1.9,94,100
15.1,0.1,90,43.5,14.2,0,0,0,0,0,0,23.4,94.5,0,982.9,198,1.6,105,60
15.1,0.1,90,43.5,14.2,0,0,0,0,0,0,23.4,94.5,0,982.9,198,1.6,105,780
14.2,0.1,50,63.9,13.6,0,0,0,0,0,0,23.8,96.3,0,983.9,186,1.3,134,40
14.2,0.1,50,64.1,13.6,0,0,0,0,0,0,23.9,96.2,0,984.4,185,1.3,134,46
14.2,0.1,50,64.1,13.6,0,0,0,0,0,0,23.9,96.2,0,984.4,185,1.3,134,2000
14.1,0.1,31,65.7,13.4,0,0,0,0,0,0,24.1,96.1,0,983,192,1.4,141,80
14.1,0.1,31,65.7,13.4,0,0,0,0,0,0,24.1,96.1,0,983,192,1.4,141,280
14.4,0.11,-40,59,13.4,0,0,0,0,0,0,26.3,93.8,0,983.3,202,1.7,139,240
14.4,0.11,-40,61.5,13.4,0,0,0,0,0,0,26.3,93.8,0,983.8,201,1.7,139,360
14.4,0.11,-40,61.5,13.4,0,0,0,0,0,0,26.3,93.8,0,983.8,201,1.7,139,1040
14.3,0.11,-58,60.4,13.7,0,0,0,0,0,0,26.2,96.1,0,982.2,202,1.6,131,70
14.3,0.11,-58,60.4,13.7,0,0,0,0,0,0,26.2,96.1,0,982.2,202,1.6,131,180
14.2,0.11,-95,56.4,14.1,0,0,0,0,0,0,26.2,99.3,0,982.7,198,1.6,100,480
14.3,0.11,-95,55,14.2,0,0,0,0,0,0,26.2,99.3,0,983.2,197,1.5,100,520
14.3,0.11,-95,55,14.2,0,0,0,0,0,0,26.2,99.3,0,983.2,197,1.5,100,150
14.1,0.11,-105,59.4,14,3,0,0,3,3,3,26,99.3,0,981.9,200,1.7,90,360
14.1,0.11,-105,59.4,14,3,0,0,3,3,3,26,99.3,0,981.9,200,1.7,90,80
15.9,0.11,-142,79.3,14.4,77,0,0,77,69,77,26.1,91.1,0,983,207,2.7,64,60
15.9,0.11,-142,77.9,14.4,82,0,0,82,74,82,26.1,91,0,983.5,206,2.6,64,260
15.9,0.11,-142,77.9,14.4,82,0,0,82,74,82,26.1,91,0,983.5,206,2.6,64,2000
15.8,0.11,-142,79.6,14.4,76,0,0,76,69,76,25.9,91.1,0,982.2,209,2.7,64,2000
15.8,0.11,-142,79.6,14.4,76,0,0,76,69,76,25.9,91.1,0,982.2,209,2.7,64,520
18.7,0.11,151,90,14.9,43,0,0,43,39,43,25.4,78.7,0,981.5,220,3.2,61,200
18.6,0.11,151,89.5,14.9,45,0,0,45,40,45,25.4,78.9,0,982,219,3.2,61,100
18.6,0.11,151,89.5,14.9,45,0,0,45,40,45,25.4,78.9,0,982,219,3.2,61,180
18.1,0.11,136,80.3,14.5,63,0,0,63,57,63,24.6,79.8,0,980.4,221,2.9,67,150
18.1,0.11,136,80.3,14.5,63,0,0,63,57,63,24.6,79.8,0,980.4,221,2.9,67,220
15.5,0.11,100,26.3,13.7,0,0,0,0,0,0,22.6,88.7,0,981.2,212,1.9,95,160
15.5,0.11,100,25.7,13.7,0,0,0,0,0,0,22.6,88.7,0,981.6,212,1.9,95,86
15.5,0.11,100,25.7,13.7,0,0,0,0,0,0,22.6,88.7,0,981.6,212,1.9,95,62
15.5,0.11,100,26.7,13.7,0,0,0,0,0,0,22.5,88.8,0,980.3,214,1.9,95,108
15.5,0.11,100,26.7,13.7,0,0,0,0,0,0,22.5,88.8,0,980.3,214,1.9,95,1300
6.3,0.1,-77,96.1,4.1,0,0,0,0,0,0,16.8,85.5,0,964.1,29,10.8,126,760
6.4,0.1,-77,94.8,4.1,0,0,0,0,0,0,16.8,85.1,0,964.6,29,10.9,126,1040
6.4,0.1,-77,94.8,4.1,0,0,0,0,0,0,16.8,85.1,0,964.6,29,10.9,126,1890
7.2,0.1,-64,97,4.9,0,0,0,0,0,0,17.8,85.5,0,962.7,27,9.4,136,510
7.2,0.1,-64,97,4.9,0,0,0,0,0,0,17.8,85.5,0,962.7,27,9.4,136,1300
5.5,0.1,-110,85.9,3,0,0,0,0,0,0,16.8,84.3,0,966.4,30,12.1,95,180
5.5,0.1,-110,85.3,3,0,0,0,0,0,0,16.8,83.8,0,966.8,30,12.1,95,780
5.5,0.1,-110,85.3,3,0,0,0,0,0,0,16.8,83.8,0,966.8,30,12.1,95,260
5.5,0.1,-99,90.7,3.4,0,0,0,0,0,0,16.7,86,0,964.8,30,11.7,105,520
5.5,0.1,-99,90.7,3.4,0,0,0,0,0,0,16.7,86,0,964.8,30,11.7,105,2000
16.5,0.12,-112,65.7,15,244,0,0,244,221,244,31,91.1,0,969,23,5,38,520
16.5,0.12,-112,68.3,15,225,0,0,225,204,225,31,90.7,0,969.5,23,5,38,400
16.5,0.12,-112,68.3,15,225,0,0,225,204,225,31,90.7,0,969.5,23,5,38,175
16.4,0.12,-112,61.2,15,277,0,0,277,251,277,31,91.6,0,968.2,22,5,38,8
16.4,0.12,-112,61.2,15,277,0,0,277,251,277,31,91.6,0,968.2,22,5,38,38
18.1,0.12,135,38.9,12.3,465,68,58,523,482,528,24.3,68.6,0,972.5,36,4.3,28,118
18.3,0.12,135,38.2,12.3,480,57,49,529,486,534,24.3,68,0,972.9,36,4.3,28,185
18.3,0.12,135,38.2,12.3,480,57,49,529,486,534,24.3,68,0,972.9,36,4.3,28,53
18.2,0.12,115,18,11.9,365,334,266,631,583,679,22.8,66.8,0,971.9,42,3.7,37,22
18.2,0.12,115,18,11.9,365,334,266,631,583,679,22.8,66.8,0,971.9,42,3.7,37,11
18.6,0.12,79,4.7,11.7,103,539,201,304,172,645,18.9,64.3,0,973.6,59,2,68,22
18.5,0.12,69,0,12,47,494,108,155,33,327,17.8,66,0,974.4,61,1.2,78,40
18.5,0.12,69,0,12,47,494,108,155,33,327,17.8,66,0,974.4,61,1.2,78,2
18.2,0.12,69,0,12.1,47,492,107,154,33,324,17.8,67.4,0,973.1,58,1.3,78,2
18.2,0.12,69,0,12.1,47,492,107,154,33,324,17.8,67.4,0,973.1,58,1.3,78,4
16.7,0.12,36,0,11.3,0,0,0,0,0,0,17.2,70.3,0,975.9,73,1.2,103,200
16.9,0.12,36,0,11.3,0,0,0,0,0,0,17.3,69.7,0,976.3,75,1.1,103,48
16.9,0.12,36,0,11.3,0,0,0,0,0,0,17.3,69.7,0,976.3,75,1.1,103,62
15.5,0.12,23,0,11.1,0,0,0,0,0,0,17.6,75.1,0,975.6,72,1.5,108,4
15.5,0.12,23,0,11.1,0,0,0,0,0,0,17.6,75.1,0,975.6,72,1.5,108,60
12.8,0.11,-20,0,11.1,0,0,0,0,0,0,19.9,89.6,0,977,71,2,109,270
12.9,0.11,-20,0,11.1,0,0,0,0,0,0,20,89.2,0,977.5,72,2,109,160
12.9,0.11,-20,0,11.1,0,0,0,0,0,0,20,89.2,0,977.5,72,2,109,120
12.3,0.11,-34,0,10.8,0,0,0,0,0,0,19.9,90.5,0,976.4,74,2,104,12
12.3,0.11,-34,0,10.8,0,0,0,0,0,0,19.9,90.5,0,976.4,74,2,104,8
14.5,0.11,-67,46.5,12.1,63,0,0,63,58,63,20.3,85.4,0,978.1,71,1.9,80,240
14.6,0.11,-67,50.4,12.1,60,0,0,60,55,60,20.3,85.1,0,978.6,71,1.9,80,520
14.6,0.11,-67,50.4,12.1,60,0,0,60,55,60,20.3,85.1,0,978.6,71,1.9,80,46
15.9,0.11,-77,32.9,13.1,169,55,24,193,167,224,20.4,83.4,0,977.7,69,2,69,2
15.9,0.11,-77,32.9,13.1,169,55,24,193,167,224,20.4,83.4,0,977.7,69,2,69,10
19.9,0.11,-112,29.4,11.6,370,210,156,526,476,570,21,59,0,979.5,100,1.8,38,60
19.9,0.11,-112,30.9,11.6,359,209,155,514,466,558,21,58.8,0,979.9,100,1.8,38,180
19.9,0.11,-112,30.9,11.6,359,209,155,514,466,558,21,58.8,0,979.9,100,1.8,38,160
20.9,0.11,-131,14.9,11.2,308,484,426,734,690,729,20.7,53.9,0,978.7,113,1.8,29,2
20.9,0.11,-131,14.9,11.2,308,484,426,734,690,729,20.7,53.9,0,978.7,113,1.8,29,16
23.4,0.11,136,3,10.6,185,750,660,844,803,838,19.2,44.6,0,979.1,151,2.1,28,48
23.4,0.11,136,2.7,10.6,179,759,668,847,806,841,19.2,44.3,0,979.5,152,2.2,28,40
23.4,0.11,136,2.7,10.6,179,759,668,847,806,841,19.2,44.3,0,979.5,152,2.2,28,26
23.1,0.11,115,4.9,10.4,205,668,535,740,676,810,19.6,44.7,0,978.2,159,2.1,37,0
23.1,0.11,115,4.9,10.4,205,668,535,740,676,810,19.6,44.7,0,978.2,159,2.1,37,6
21.8,0.11,79,3,11,97,558,211,308,173,656,19.7,50,0,978.9,173,1.8,68,90
21.9,0.11,79,2.7,10.9,95,565,214,309,173,661,19.7,49.6,0,979.4,173,1.8,68,12
21.9,0.11,79,2.7,10.9,95,565,214,309,173,661,19.7,49.6,0,979.4,173,1.8,68,60
21.1,0.11,69,0,11.9,50,469,102,152,35,315,19.6,55.9,0,978.2,172,1.5,78,4
21.1,0.11,69,0,11.9,50,469,102,152,35,315,19.6,55.9,0,978.2,172,1.5,78,8
18.2,0.11,36,0,11.9,0,0,0,0,0,0,19.7,66.8,0,979.8,122,1.5,103,250
18.3,0.11,36,0,11.9,0,0,0,0,0,0,19.7,66.4,0,980.2,122,1.5,103,72
18.3,0.11,36,0,11.9,0,0,0,0,0,0,19.7,66.4,0,980.2,122,1.5,103,420
17,0.11,23,0,11.9,0,0,0,0,0,0,19.7,72.2,0,979.1,107,1.7,108,4
17,0.11,23,0,11.9,0,0,0,0,0,0,19.7,72.2,0,979.1,107,1.7,108,20
13.9,0.12,-34,0,11.1,0,0,0,0,0,0,21.1,83.1,0,979.3,75,1.7,104,210
14,0.12,-34,0,11.1,0,0,0,0,0,0,21.1,82.8,0,979.8,74,1.7,104,53
14,0.12,-34,0,11.1,0,0,0,0,0,0,21.1,82.8,0,979.8,74,1.7,104,260
13.5,0.12,-46,0,10.5,0,0,0,0,0,0,21.6,82.5,0,978.5,78,1.6,97,4
13.5,0.12,-46,0,10.5,0,0,0,0,0,0,21.6,82.5,0,978.5,78,1.6,97,4
15.6,0.12,-67,58.6,11.9,49,0,0,49,44,49,22.9,78.7,0,979.5,80,1.7,80,250
15.7,0.12,-67,59.8,11.9,47,0,0,47,43,47,23,78.4,0,980,80,1.7,80,160
15.7,0.12,-67,59.8,11.9,47,0,0,47,43,47,23,78.4,0,980,80,1.7,80,72
17,0.12,-77,57.5,13,110,0,0,110,100,110,23.4,77.5,0,978.9,84,1.8,70,2
17,0.12,-77,57.5,13,110,0,0,110,100,110,23.4,77.5,0,978.9,84,1.8,70,6
17.2,0.11,37,0,16.2,0,0,0,0,0,0,24.7,93.8,0,967.1,215,1.7,103,140
17.2,0.11,37,0,16.2,0,0,0,0,0,0,24.8,93.7,0,967.5,216,1.7,103,1200
17.2,0.11,37,0,16.2,0,0,0,0,0,0,24.8,93.7,0,967.5,216,1.7,103,180
17.9,0.11,49,0,16.6,0,0,0,0,0,0,25.3,91.9,0,966.2,221,1.8,96,14
17.9,0.11,49,0,16.6,0,0,0,0,0,0,25.3,91.9,0,966.2,221,1.8,96,64
